{
  "ID_CURVE": 453,
  "DATE_CURVE": "2025-04-11T00:00:00",
  "ID_USER": 23,
  "PMO_MP": 0.009490024025656548,
  "PMS_MP": 0.00565952306933802,
  "PMO_MS": 0.00713148,
  "PMS_MS": 0.00311024,
  "PMP_ORD": 0.008703842683771033,
  "PMP_SUB": 0.004809762046225347,
  "PUBLISHED": 1,
  "TYPE_SECTEUR": "LEASING                                           "
}