{
  "ID_CURVE": 646,
  "DATE_CURVE": "2025-07-14T00:00:00",
  "ID_USER": 23,
  "PMO_MP": 0.008359119226070017,
  "PMS_MP": 0.00530773007692354,
  "PMO_MS": 0.00607181,
  "PMS_MS": 0.00198366,
  "PMP_ORD": 0.0075966828173800105,
  "PMP_SUB": 0.004199706717949027,
  "PUBLISHED": 1,
  "TYPE_SECTEUR": "LEASING                                           "
}