{
  "ID_CURVE": 867,
  "DATE_CURVE": "2025-10-28T00:00:00",
  "ID_USER": 14,
  "PMO_MP": 0.00524418241797902,
  "PMS_MP": 0.00157288356924915,
  "PMO_MS": 0.00186281,
  "PMS_MS": 0.0,
  "PMP_ORD": 0.00411705827865268,
  "PMP_SUB": 0.00157288356924915,
  "PUBLISHED": 1,
  "TYPE_SECTEUR": "BANKING                                           "
}