{
  "ID_CURVE": 267,
  "DATE_CURVE": "2025-01-10T00:00:00",
  "ID_USER": 23,
  "PMO_MP": 0.010099558148737031,
  "PMS_MP": 0.00968001441121779,
  "PMO_MS": 0.00719228,
  "PMS_MS": 0.00695204,
  "PMP_ORD": 0.009130465432491354,
  "PMP_SUB": 0.008770689607478527,
  "PUBLISHED": 1,
  "TYPE_SECTEUR": "LEASING                                           "
}