{
  "ID_CURVE": 530,
  "DATE_CURVE": "2025-05-19T00:00:00",
  "ID_USER": 23,
  "PMO_MP": 0.00873238827938866,
  "PMS_MP": 0.00565952306933802,
  "PMO_MS": 0.00551547,
  "PMS_MS": 0.00310042,
  "PMP_ORD": 0.007660082186259107,
  "PMP_SUB": 0.004806488712892013,
  "PUBLISHED": 1,
  "TYPE_SECTEUR": "LEASING                                           "
}