{
  "ID_CURVE": 807,
  "DATE_CURVE": "2025-09-29T00:00:00",
  "ID_USER": 14,
  "PMO_MP": 0.007997416395608487,
  "PMS_MP": 0.00530773007692354,
  "PMO_MS": 0.00547732,
  "PMS_MS": 0.00198362,
  "PMP_ORD": 0.007157384263738992,
  "PMP_SUB": 0.0041996933846156935,
  "PUBLISHED": 1,
  "TYPE_SECTEUR": "LEASING                                           "
}