{
  "ID_CURVE": 498,
  "DATE_CURVE": "2025-05-02T00:00:00",
  "ID_USER": 23,
  "PMO_MP": 0.00501960061122024,
  "PMS_MP": 0.00358265946265963,
  "PMO_MS": 0.0017531,
  "PMS_MS": 0.00317795,
  "PMP_ORD": 0.003930767074146827,
  "PMP_SUB": 0.0034477563084397535,
  "PUBLISHED": 1,
  "TYPE_SECTEUR": "BANKING                                           "
}