{
  "ID_CURVE": 476,
  "DATE_CURVE": "2025-04-22T00:00:00",
  "ID_USER": 23,
  "PMO_MP": 0.009553405823135028,
  "PMS_MP": 0.00565952306933802,
  "PMO_MS": 0.0071316,
  "PMS_MS": 0.00310726,
  "PMP_ORD": 0.008746137215423352,
  "PMP_SUB": 0.004808768712892013,
  "PUBLISHED": 1,
  "TYPE_SECTEUR": "LEASING                                           "
}