{
  "ID_CURVE": 943,
  "DATE_CURVE": "2025-12-02T00:00:00",
  "ID_USER": 14,
  "PMO_MP": 0.00535054963312772,
  "PMS_MP": 0.00080177780326673,
  "PMO_MS": 0.00186949,
  "PMS_MS": 0.0,
  "PMP_ORD": 0.0041901964220851465,
  "PMP_SUB": 0.00080177780326673,
  "PUBLISHED": 1,
  "TYPE_SECTEUR": "BANKING                                           "
}