{
  "ID_CURVE": 955,
  "DATE_CURVE": "2025-12-08T00:00:00",
  "ID_USER": 14,
  "PMO_MP": 0.0053827755551721,
  "PMS_MP": 0.00080177780326673,
  "PMO_MS": 0.00187068,
  "PMS_MS": 0.0,
  "PMP_ORD": 0.0042120770367814,
  "PMP_SUB": 0.00080177780326673,
  "PUBLISHED": 1,
  "TYPE_SECTEUR": "BANKING                                           "
}