{
  "ID_CURVE": 577,
  "DATE_CURVE": "2025-06-10T00:00:00",
  "ID_USER": 23,
  "PMO_MP": 0.0050428595119717,
  "PMS_MP": 0.00245818527658664,
  "PMO_MS": 0.00178653,
  "PMS_MS": 0.0,
  "PMP_ORD": 0.003957416341314466,
  "PMP_SUB": 0.00245818527658664,
  "PUBLISHED": 1,
  "TYPE_SECTEUR": "BANKING                                           "
}