{
  "ID_CURVE": 504,
  "DATE_CURVE": "2025-05-06T00:00:00",
  "ID_USER": 14,
  "PMO_MP": 0.00515879564593108,
  "PMS_MP": 0.00358265946265963,
  "PMO_MS": 0.00175977,
  "PMS_MS": 0.00317795,
  "PMP_ORD": 0.004025787097287387,
  "PMP_SUB": 0.0034477563084397535,
  "PUBLISHED": 1,
  "TYPE_SECTEUR": "BANKING                                           "
}