{
  "ID_CURVE": 794,
  "DATE_CURVE": "2025-09-23T00:00:00",
  "ID_USER": 14,
  "PMO_MP": 0.008017675677186588,
  "PMS_MP": 0.00530773007692354,
  "PMO_MS": 0.00547697,
  "PMS_MS": 0.00198362,
  "PMP_ORD": 0.007170773784791059,
  "PMP_SUB": 0.0041996933846156935,
  "PUBLISHED": 1,
  "TYPE_SECTEUR": "LEASING                                           "
}