{
  "ID_CURVE": 831,
  "DATE_CURVE": "2025-10-09T00:00:00",
  "ID_USER": 14,
  "PMO_MP": 0.00526223937760124,
  "PMS_MP": 0.00157288356924915,
  "PMO_MS": 0.00185918,
  "PMS_MS": 0.0,
  "PMP_ORD": 0.00412788625173416,
  "PMP_SUB": 0.00157288356924915,
  "PUBLISHED": 1,
  "TYPE_SECTEUR": "BANKING                                           "
}