{
  "ID_CURVE": 863,
  "DATE_CURVE": "2025-10-27T00:00:00",
  "ID_USER": 14,
  "PMO_MP": 0.00768144661758792,
  "PMS_MP": 0.00530773007692354,
  "PMO_MS": 0.005083,
  "PMS_MS": 0.0019836,
  "PMP_ORD": 0.0068152977450586134,
  "PMP_SUB": 0.004199686717949027,
  "PUBLISHED": 1,
  "TYPE_SECTEUR": "LEASING                                           "
}