{
  "ID_CURVE": 876,
  "DATE_CURVE": "2025-10-31T00:00:00",
  "ID_USER": 14,
  "PMO_MP": 0.0050539893030762,
  "PMS_MP": 0.00112378703143689,
  "PMO_MS": 0.00186332,
  "PMS_MS": 0.0,
  "PMP_ORD": 0.003990432868717466,
  "PMP_SUB": 0.00112378703143689,
  "PUBLISHED": 1,
  "TYPE_SECTEUR": "BANKING                                           "
}