{
  "ID_CURVE": 287,
  "DATE_CURVE": "2025-01-20T00:00:00",
  "ID_USER": 23,
  "PMO_MP": 0.0145906865978032,
  "PMS_MP": 0.00358265946265963,
  "PMO_MS": 0.0,
  "PMS_MS": 0.0030204,
  "PMP_ORD": 0.0145906865978032,
  "PMP_SUB": 0.0033952396417730865,
  "PUBLISHED": 1,
  "TYPE_SECTEUR": "BANKING                                           "
}