{
  "ID_CURVE": 903,
  "DATE_CURVE": "2025-11-13T00:00:00",
  "ID_USER": 14,
  "PMO_MP": 0.00501807277059142,
  "PMS_MP": 0.00112378703143689,
  "PMO_MS": 0.00186543,
  "PMS_MS": 0.0,
  "PMP_ORD": 0.003967191847060947,
  "PMP_SUB": 0.00112378703143689,
  "PUBLISHED": 1,
  "TYPE_SECTEUR": "BANKING                                           "
}