{
  "ID_CURVE": 391,
  "DATE_CURVE": "2025-03-07T00:00:00",
  "ID_USER": 14,
  "PMO_MP": 0.0131686090349349,
  "PMS_MP": 0.00358265946265963,
  "PMO_MS": 0.0,
  "PMS_MS": 0.00317795,
  "PMP_ORD": 0.0131686090349349,
  "PMP_SUB": 0.0034477563084397535,
  "PUBLISHED": 1,
  "TYPE_SECTEUR": "BANKING                                           "
}