{
  "ID_CURVE": 802,
  "DATE_CURVE": "2025-09-25T00:00:00",
  "ID_USER": 14,
  "PMO_MP": 0.00525991157651418,
  "PMS_MP": 0.00157288356924915,
  "PMO_MS": 0.00185607,
  "PMS_MS": 0.0,
  "PMP_ORD": 0.00412529771767612,
  "PMP_SUB": 0.00157288356924915,
  "PUBLISHED": 1,
  "TYPE_SECTEUR": "BANKING                                           "
}