{
  "ID_CURVE": 507,
  "DATE_CURVE": "2025-05-07T00:00:00",
  "ID_USER": 14,
  "PMO_MP": 0.00528922654277234,
  "PMS_MP": 0.00358265946265963,
  "PMO_MS": 0.00176133,
  "PMS_MS": 0.00317795,
  "PMP_ORD": 0.004113261028514894,
  "PMP_SUB": 0.0034477563084397535,
  "PUBLISHED": 1,
  "TYPE_SECTEUR": "BANKING                                           "
}