{
  "ID_CURVE": 816,
  "DATE_CURVE": "2025-10-02T00:00:00",
  "ID_USER": 14,
  "PMO_MP": 0.00525355807828224,
  "PMS_MP": 0.00157288356924915,
  "PMO_MS": 0.00185768,
  "PMS_MS": 0.0,
  "PMP_ORD": 0.004121598718854827,
  "PMP_SUB": 0.00157288356924915,
  "PUBLISHED": 1,
  "TYPE_SECTEUR": "BANKING                                           "
}