{
  "ID_CURVE": 300,
  "DATE_CURVE": "2025-01-24T00:00:00",
  "ID_USER": 14,
  "PMO_MP": 0.009834640938770544,
  "PMS_MP": 0.00968001441121779,
  "PMO_MS": 0.00716246,
  "PMS_MS": 0.00695179,
  "PMP_ORD": 0.008943913959180363,
  "PMP_SUB": 0.008770606274145193,
  "PUBLISHED": 1,
  "TYPE_SECTEUR": "LEASING                                           "
}