{
  "ID_CURVE": 733,
  "DATE_CURVE": "2025-08-25T00:00:00",
  "ID_USER": 23,
  "PMO_MP": 0.008400983991957637,
  "PMS_MP": 0.00530773007692354,
  "PMO_MS": 0.00606346,
  "PMS_MS": 0.00198363,
  "PMP_ORD": 0.007621809327971758,
  "PMP_SUB": 0.004199696717949027,
  "PUBLISHED": 1,
  "TYPE_SECTEUR": "LEASING                                           "
}