{
  "ID_CURVE": 782,
  "DATE_CURVE": "2025-09-17T00:00:00",
  "ID_USER": 14,
  "PMO_MP": 0.00517666905010676,
  "PMS_MP": 0.00157288356924915,
  "PMO_MS": 0.00184797,
  "PMS_MS": 0.0,
  "PMP_ORD": 0.004067102700071173,
  "PMP_SUB": 0.00157288356924915,
  "PUBLISHED": 1,
  "TYPE_SECTEUR": "BANKING                                           "
}