{
  "ID_CURVE": 485,
  "DATE_CURVE": "2025-04-25T00:00:00",
  "ID_USER": 23,
  "PMO_MP": 0.009556391374870509,
  "PMS_MP": 0.00565952306933802,
  "PMO_MS": 0.0071316,
  "PMS_MS": 0.00310647,
  "PMP_ORD": 0.008748127583247006,
  "PMP_SUB": 0.00480850537955868,
  "PUBLISHED": 1,
  "TYPE_SECTEUR": "LEASING                                           "
}