{
  "ID_CURVE": 843,
  "DATE_CURVE": "2025-10-16T00:00:00",
  "ID_USER": 14,
  "PMO_MP": 0.004774960552702856,
  "PMS_MP": 0.00352130273689762,
  "PMO_MS": 0.00186059,
  "PMS_MS": 0.00235307,
  "PMP_ORD": 0.003803503701801904,
  "PMP_SUB": 0.0031318918245984134,
  "PUBLISHED": 1,
  "TYPE_SECTEUR": "BANKING                                           "
}