{
  "ID_CURVE": 973,
  "DATE_CURVE": "2025-12-16T00:00:00",
  "ID_USER": 24,
  "PMO_MP": 0.00548670111858434,
  "PMS_MP": 0.00080177780326673,
  "PMO_MS": 0.00187218,
  "PMS_MS": 0.0,
  "PMP_ORD": 0.004281860745722893,
  "PMP_SUB": 0.00080177780326673,
  "PUBLISHED": 1,
  "TYPE_SECTEUR": "BANKING                                           "
}