{
  "ID_CURVE": 503,
  "DATE_CURVE": "2025-05-06T00:00:00",
  "ID_USER": 14,
  "PMO_MP": 0.00880420493769896,
  "PMS_MP": 0.00565952306933802,
  "PMO_MS": 0.00538316,
  "PMS_MS": 0.00310364,
  "PMP_ORD": 0.00766385662513264,
  "PMP_SUB": 0.004807562046225347,
  "PUBLISHED": 1,
  "TYPE_SECTEUR": "LEASING                                           "
}