{
  "ID_CURVE": 604,
  "DATE_CURVE": "2025-06-23T00:00:00",
  "ID_USER": 23,
  "PMO_MP": 0.008356169776495856,
  "PMS_MP": 0.00565952306933802,
  "PMO_MS": 0.0061902,
  "PMS_MS": 0.00198367,
  "PMP_ORD": 0.007634179850997238,
  "PMP_SUB": 0.004434238712892014,
  "PUBLISHED": 1,
  "TYPE_SECTEUR": "LEASING                                           "
}