{
  "ID_CURVE": 706,
  "DATE_CURVE": "2025-08-11T00:00:00",
  "ID_USER": 14,
  "PMO_MP": 0.0053562242061816,
  "PMS_MP": 0.00168300665490757,
  "PMO_MS": 0.00183562,
  "PMS_MS": 0.0,
  "PMP_ORD": 0.004182689470787733,
  "PMP_SUB": 0.00168300665490757,
  "PUBLISHED": 1,
  "TYPE_SECTEUR": "BANKING                                           "
}