{
  "ID_CURVE": 930,
  "DATE_CURVE": "2025-11-26T00:00:00",
  "ID_USER": 14,
  "PMO_MP": 0.00508089349631936,
  "PMS_MP": 0.00080177780326673,
  "PMO_MS": 0.00186823,
  "PMS_MS": 0.0,
  "PMP_ORD": 0.0040100056642129065,
  "PMP_SUB": 0.00080177780326673,
  "PUBLISHED": 1,
  "TYPE_SECTEUR": "BANKING                                           "
}