{
  "ID_CURVE": 631,
  "DATE_CURVE": "2025-07-07T00:00:00",
  "ID_USER": 23,
  "PMO_MP": 0.008341354032939056,
  "PMS_MP": 0.00565952306933802,
  "PMO_MS": 0.00607071,
  "PMS_MS": 0.00198366,
  "PMP_ORD": 0.007584472688626037,
  "PMP_SUB": 0.00443423537955868,
  "PUBLISHED": 1,
  "TYPE_SECTEUR": "LEASING                                           "
}