{
  "ID_CURVE": 273,
  "DATE_CURVE": "2025-01-14T00:00:00",
  "ID_USER": 14,
  "PMO_MP": 0.010011676828832536,
  "PMS_MP": 0.00968001441121779,
  "PMO_MS": 0.00716244,
  "PMS_MS": 0.00695197,
  "PMP_ORD": 0.00906193121922169,
  "PMP_SUB": 0.008770666274145193,
  "PUBLISHED": 1,
  "TYPE_SECTEUR": "LEASING                                           "
}