{
  "ID_CURVE": 622,
  "DATE_CURVE": "2025-07-02T00:00:00",
  "ID_USER": 23,
  "PMO_MP": 0.008336643087447996,
  "PMS_MP": 0.00565952306933802,
  "PMO_MS": 0.00606961,
  "PMS_MS": 0.00198367,
  "PMP_ORD": 0.007580965391631997,
  "PMP_SUB": 0.004434238712892014,
  "PUBLISHED": 1,
  "TYPE_SECTEUR": "LEASING                                           "
}