{
  "ID_CURVE": 330,
  "DATE_CURVE": "2025-02-07T00:00:00",
  "ID_USER": 23,
  "PMO_MP": 0.009898394754064172,
  "PMS_MP": 0.00968001441121779,
  "PMO_MS": 0.00716255,
  "PMS_MS": 0.00695157,
  "PMP_ORD": 0.008986446502709447,
  "PMP_SUB": 0.00877053294081186,
  "PUBLISHED": 1,
  "TYPE_SECTEUR": "LEASING                                           "
}