{
  "ID_CURVE": 774,
  "DATE_CURVE": "2025-09-15T00:00:00",
  "ID_USER": 14,
  "PMO_MP": 0.008076162638019009,
  "PMS_MP": 0.00530773007692354,
  "PMO_MS": 0.00547648,
  "PMS_MS": 0.00198362,
  "PMP_ORD": 0.0072096017586793385,
  "PMP_SUB": 0.0041996933846156935,
  "PUBLISHED": 1,
  "TYPE_SECTEUR": "LEASING                                           "
}