{
  "ID_CURVE": 375,
  "DATE_CURVE": "2025-02-28T00:00:00",
  "ID_USER": 23,
  "PMO_MP": 0.00993546113445398,
  "PMS_MP": 0.00968001441121779,
  "PMO_MS": 0.00716256,
  "PMS_MS": 0.00695125,
  "PMP_ORD": 0.009011160756302653,
  "PMP_SUB": 0.008770426274145194,
  "PUBLISHED": 1,
  "TYPE_SECTEUR": "LEASING                                           "
}