{
  "ID_CURVE": 283,
  "DATE_CURVE": "2025-01-17T00:00:00",
  "ID_USER": 23,
  "PMO_MP": 0.009792250318469527,
  "PMS_MP": 0.00968001441121779,
  "PMO_MS": 0.00716245,
  "PMS_MS": 0.00695191,
  "PMP_ORD": 0.008915650212313019,
  "PMP_SUB": 0.008770646274145193,
  "PUBLISHED": 1,
  "TYPE_SECTEUR": "LEASING                                           "
}