{
  "ID_CURVE": 488,
  "DATE_CURVE": "2025-04-28T00:00:00",
  "ID_USER": 23,
  "PMO_MP": 0.009467965049258087,
  "PMS_MP": 0.00565952306933802,
  "PMO_MS": 0.00713161,
  "PMS_MS": 0.00310569,
  "PMP_ORD": 0.008689180032838726,
  "PMP_SUB": 0.00480824537955868,
  "PUBLISHED": 1,
  "TYPE_SECTEUR": "LEASING                                           "
}