{
  "ID_CURVE": 405,
  "DATE_CURVE": "2025-03-14T00:00:00",
  "ID_USER": 23,
  "PMO_MP": 0.00983028000009464,
  "PMS_MP": 0.00968001441121779,
  "PMO_MS": 0.00716258,
  "PMS_MS": 0.00695105,
  "PMP_ORD": 0.00894104666672976,
  "PMP_SUB": 0.008770359607478526,
  "PUBLISHED": 1,
  "TYPE_SECTEUR": "LEASING                                           "
}