{
  "ID_CURVE": 547,
  "DATE_CURVE": "2025-05-26T00:00:00",
  "ID_USER": 23,
  "PMO_MP": 0.00522711156386016,
  "PMS_MP": 0.00245818527658664,
  "PMO_MS": 0.00177262,
  "PMS_MS": 0.0,
  "PMP_ORD": 0.0040756143759067736,
  "PMP_SUB": 0.00245818527658664,
  "PUBLISHED": 1,
  "TYPE_SECTEUR": "BANKING                                           "
}