{
  "ID_CURVE": 700,
  "DATE_CURVE": "2025-08-07T00:00:00",
  "ID_USER": 23,
  "PMO_MP": 0.00541593944460334,
  "PMS_MP": 0.00168300665490757,
  "PMO_MS": 0.00183392,
  "PMS_MS": 0.0,
  "PMP_ORD": 0.004221932963068893,
  "PMP_SUB": 0.00168300665490757,
  "PUBLISHED": 1,
  "TYPE_SECTEUR": "BANKING                                           "
}