{
  "ID_CURVE": 360,
  "DATE_CURVE": "2025-02-21T00:00:00",
  "ID_USER": 23,
  "PMO_MP": 0.010120719761089152,
  "PMS_MP": 0.00968001441121779,
  "PMO_MS": 0.00720254,
  "PMS_MS": 0.00695135,
  "PMP_ORD": 0.009147993174059435,
  "PMP_SUB": 0.008770459607478527,
  "PUBLISHED": 1,
  "TYPE_SECTEUR": "LEASING                                           "
}