{
  "ID_CURVE": 918,
  "DATE_CURVE": "2025-11-20T00:00:00",
  "ID_USER": 14,
  "PMO_MP": 0.00514395180586462,
  "PMS_MP": 0.00080177780326673,
  "PMO_MS": 0.00186377,
  "PMS_MS": 0.0,
  "PMP_ORD": 0.004050557870576414,
  "PMP_SUB": 0.00080177780326673,
  "PUBLISHED": 1,
  "TYPE_SECTEUR": "BANKING                                           "
}