{
  "ID_CURVE": 678,
  "DATE_CURVE": "2025-07-29T00:00:00",
  "ID_USER": 23,
  "PMO_MP": 0.00500256304940358,
  "PMS_MP": 0.00168300665490757,
  "PMO_MS": 0.00182158,
  "PMS_MS": 0.0,
  "PMP_ORD": 0.003942235366269053,
  "PMP_SUB": 0.00168300665490757,
  "PUBLISHED": 1,
  "TYPE_SECTEUR": "BANKING                                           "
}