{
  "ID_CURVE": 742,
  "DATE_CURVE": "2025-08-28T00:00:00",
  "ID_USER": 23,
  "PMO_MP": 0.00533965046397704,
  "PMS_MP": 0.00168300665490757,
  "PMO_MS": 0.00184196,
  "PMS_MS": 0.0,
  "PMP_ORD": 0.00417375364265136,
  "PMP_SUB": 0.00168300665490757,
  "PUBLISHED": 1,
  "TYPE_SECTEUR": "BANKING                                           "
}