{
  "ID_CURVE": 542,
  "DATE_CURVE": "2025-05-23T00:00:00",
  "ID_USER": 23,
  "PMO_MP": 0.00870162066837732,
  "PMS_MP": 0.00565952306933802,
  "PMO_MS": 0.00551525,
  "PMS_MS": 0.00309946,
  "PMP_ORD": 0.007639497112251547,
  "PMP_SUB": 0.004806168712892013,
  "PUBLISHED": 1,
  "TYPE_SECTEUR": "LEASING                                           "
}