{
  "ID_CURVE": 967,
  "DATE_CURVE": "2025-12-12T00:00:00",
  "ID_USER": 24,
  "PMO_MP": 0.00549706442460576,
  "PMS_MP": 0.00080177780326673,
  "PMO_MS": 0.00187144,
  "PMS_MS": 0.0,
  "PMP_ORD": 0.004288522949737173,
  "PMP_SUB": 0.00080177780326673,
  "PUBLISHED": 1,
  "TYPE_SECTEUR": "BANKING                                           "
}