{
  "ID_CURVE": 745,
  "DATE_CURVE": "2025-08-29T00:00:00",
  "ID_USER": 23,
  "PMO_MP": 0.00531892504985582,
  "PMS_MP": 0.00168300665490757,
  "PMO_MS": 0.00184229,
  "PMS_MS": 0.0,
  "PMP_ORD": 0.00416004669990388,
  "PMP_SUB": 0.00168300665490757,
  "PUBLISHED": 1,
  "TYPE_SECTEUR": "BANKING                                           "
}