{
  "ID_CURVE": 762,
  "DATE_CURVE": "2025-09-09T00:00:00",
  "ID_USER": 14,
  "PMO_MP": 0.008388267927273997,
  "PMS_MP": 0.00530773007692354,
  "PMO_MS": 0.00607617,
  "PMS_MS": 0.00198363,
  "PMP_ORD": 0.007617568618182664,
  "PMP_SUB": 0.004199696717949027,
  "PUBLISHED": 1,
  "TYPE_SECTEUR": "LEASING                                           "
}