{
  "ID_CURVE": 473,
  "DATE_CURVE": "2025-04-21T00:00:00",
  "ID_USER": 23,
  "PMO_MP": 0.00508533420305472,
  "PMS_MP": 0.00358265946265963,
  "PMO_MS": 0.00155487,
  "PMS_MS": 0.00317795,
  "PMP_ORD": 0.00390851280203648,
  "PMP_SUB": 0.0034477563084397535,
  "PUBLISHED": 1,
  "TYPE_SECTEUR": "BANKING                                           "
}