{
  "ID_CURVE": 702,
  "DATE_CURVE": "2025-08-08T00:00:00",
  "ID_USER": 23,
  "PMO_MP": 0.008310047438915936,
  "PMS_MP": 0.00530773007692354,
  "PMO_MS": 0.00606245,
  "PMS_MS": 0.00198364,
  "PMP_ORD": 0.007560848292610624,
  "PMP_SUB": 0.00419970005128236,
  "PUBLISHED": 1,
  "TYPE_SECTEUR": "LEASING                                           "
}