{
  "ID_CURVE": 757,
  "DATE_CURVE": "2025-09-05T00:00:00",
  "ID_USER": 14,
  "PMO_MP": 0.00521169010468642,
  "PMS_MP": 0.00157288356924915,
  "PMO_MS": 0.00184453,
  "PMS_MS": 0.0,
  "PMP_ORD": 0.00408930340312428,
  "PMP_SUB": 0.00157288356924915,
  "PUBLISHED": 1,
  "TYPE_SECTEUR": "BANKING                                           "
}