{
  "ID_CURVE": 958,
  "DATE_CURVE": "2025-12-09T00:00:00",
  "ID_USER": 14,
  "PMO_MP": 0.00532670369788962,
  "PMS_MP": 0.00080177780326673,
  "PMO_MS": 0.00187087,
  "PMS_MS": 0.0,
  "PMP_ORD": 0.0041747591319264135,
  "PMP_SUB": 0.00080177780326673,
  "PUBLISHED": 1,
  "TYPE_SECTEUR": "BANKING                                           "
}