{
  "ID_CURVE": 469,
  "DATE_CURVE": "2025-04-18T00:00:00",
  "ID_USER": 23,
  "PMO_MP": 0.00507982133454266,
  "PMS_MP": 0.00358265946265963,
  "PMO_MS": 0.00155521,
  "PMS_MS": 0.00317795,
  "PMP_ORD": 0.0039049508896951066,
  "PMP_SUB": 0.0034477563084397535,
  "PUBLISHED": 1,
  "TYPE_SECTEUR": "BANKING                                           "
}