{
  "ID_CURVE": 652,
  "DATE_CURVE": "2025-07-16T00:00:00",
  "ID_USER": 23,
  "PMO_MP": 0.008352887719925015,
  "PMS_MP": 0.00530773007692354,
  "PMO_MS": 0.00607207,
  "PMS_MS": 0.00198366,
  "PMP_ORD": 0.007592615146616678,
  "PMP_SUB": 0.004199706717949027,
  "PUBLISHED": 1,
  "TYPE_SECTEUR": "LEASING                                           "
}