{
  "ID_CURVE": 873,
  "DATE_CURVE": "2025-10-30T00:00:00",
  "ID_USER": 14,
  "PMO_MP": 0.00504309335663882,
  "PMS_MP": 0.00157288356924915,
  "PMO_MS": 0.00186315,
  "PMS_MS": 0.0,
  "PMP_ORD": 0.003983112237759213,
  "PMP_SUB": 0.00157288356924915,
  "PUBLISHED": 1,
  "TYPE_SECTEUR": "BANKING                                           "
}