{
  "ID_CURVE": 663,
  "DATE_CURVE": "2025-07-21T00:00:00",
  "ID_USER": 23,
  "PMO_MP": 0.00499271744818266,
  "PMS_MP": 0.00168300665490757,
  "PMO_MS": 0.0018172,
  "PMS_MS": 0.0,
  "PMP_ORD": 0.003934211632121773,
  "PMP_SUB": 0.00168300665490757,
  "PUBLISHED": 1,
  "TYPE_SECTEUR": "BANKING                                           "
}