{
  "ID_CURVE": 957,
  "DATE_CURVE": "2025-12-09T00:00:00",
  "ID_USER": 14,
  "PMO_MP": 0.00775480307933154,
  "PMS_MP": 0.00530773007692354,
  "PMO_MS": 0.00508512,
  "PMS_MS": 0.00198358,
  "PMP_ORD": 0.00686490871955436,
  "PMP_SUB": 0.00419968005128236,
  "PUBLISHED": 1,
  "TYPE_SECTEUR": "LEASING                                           "
}