{
  "ID_CURVE": 765,
  "DATE_CURVE": "2025-09-10T00:00:00",
  "ID_USER": 14,
  "PMO_MP": 0.008070898171779648,
  "PMS_MP": 0.00530773007692354,
  "PMO_MS": 0.00547615,
  "PMS_MS": 0.00198363,
  "PMP_ORD": 0.007205982114519766,
  "PMP_SUB": 0.004199696717949027,
  "PUBLISHED": 1,
  "TYPE_SECTEUR": "LEASING                                           "
}