{
  "ID_CURVE": 253,
  "DATE_CURVE": "2025-01-03T00:00:00",
  "ID_USER": 14,
  "PMO_MP": 0.0132680854571628,
  "PMS_MP": 0.00358265946265963,
  "PMO_MS": 0.0,
  "PMS_MS": 0.0030204,
  "PMP_ORD": 0.0132680854571628,
  "PMP_SUB": 0.0033952396417730865,
  "PUBLISHED": 1,
  "TYPE_SECTEUR": "BANKING                                           "
}