{
  "ID_CURVE": 367,
  "DATE_CURVE": "2025-02-25T00:00:00",
  "ID_USER": 23,
  "PMO_MP": 0.0137829975295634,
  "PMS_MP": 0.00358265946265963,
  "PMO_MS": 0.0,
  "PMS_MS": 0.00317795,
  "PMP_ORD": 0.0137829975295634,
  "PMP_SUB": 0.0034477563084397535,
  "PUBLISHED": 1,
  "TYPE_SECTEUR": "BANKING                                           "
}