{
  "ID_CURVE": 643,
  "DATE_CURVE": "2025-07-11T00:00:00",
  "ID_USER": 23,
  "PMO_MP": 0.008348524026190336,
  "PMS_MP": 0.00565952306933802,
  "PMO_MS": 0.00607195,
  "PMS_MS": 0.00198366,
  "PMP_ORD": 0.007589666017460224,
  "PMP_SUB": 0.00443423537955868,
  "PUBLISHED": 1,
  "TYPE_SECTEUR": "LEASING                                           "
}