{
  "ID_CURVE": 785,
  "DATE_CURVE": "2025-09-18T00:00:00",
  "ID_USER": 14,
  "PMO_MP": 0.00512533039744024,
  "PMS_MP": 0.00157288356924915,
  "PMO_MS": 0.00185434,
  "PMS_MS": 0.0,
  "PMP_ORD": 0.00403500026496016,
  "PMP_SUB": 0.00157288356924915,
  "PUBLISHED": 1,
  "TYPE_SECTEUR": "BANKING                                           "
}