{
  "ID_CURVE": 791,
  "DATE_CURVE": "2025-09-22T00:00:00",
  "ID_USER": 14,
  "PMO_MP": 0.008051685913978408,
  "PMS_MP": 0.00530773007692354,
  "PMO_MS": 0.00547691,
  "PMS_MS": 0.00198362,
  "PMP_ORD": 0.0071934272759856055,
  "PMP_SUB": 0.0041996933846156935,
  "PUBLISHED": 1,
  "TYPE_SECTEUR": "LEASING                                           "
}