{
  "ID_CURVE": 792,
  "DATE_CURVE": "2025-09-22T00:00:00",
  "ID_USER": 14,
  "PMO_MP": 0.00528282134637302,
  "PMS_MP": 0.00157288356924915,
  "PMO_MS": 0.00185534,
  "PMS_MS": 0.0,
  "PMP_ORD": 0.00414032756424868,
  "PMP_SUB": 0.00157288356924915,
  "PUBLISHED": 1,
  "TYPE_SECTEUR": "BANKING                                           "
}