{
  "ID_CURVE": 574,
  "DATE_CURVE": "2025-06-09T00:00:00",
  "ID_USER": 14,
  "PMO_MP": 0.00505137568313634,
  "PMS_MP": 0.00245818527658664,
  "PMO_MS": 0.00178571,
  "PMS_MS": 0.0,
  "PMP_ORD": 0.003962820455424227,
  "PMP_SUB": 0.00245818527658664,
  "PUBLISHED": 1,
  "TYPE_SECTEUR": "BANKING                                           "
}