{
  "ID_CURVE": 556,
  "DATE_CURVE": "2025-05-29T00:00:00",
  "ID_USER": 23,
  "PMO_MP": 0.00521143650987328,
  "PMS_MP": 0.00245818527658664,
  "PMO_MS": 0.00177572,
  "PMS_MS": 0.0,
  "PMP_ORD": 0.004066197673248853,
  "PMP_SUB": 0.00245818527658664,
  "PUBLISHED": 1,
  "TYPE_SECTEUR": "BANKING                                           "
}