{
  "ID_CURVE": 763,
  "DATE_CURVE": "2025-09-09T00:00:00",
  "ID_USER": 14,
  "PMO_MP": 0.00521178340545946,
  "PMS_MP": 0.00157288356924915,
  "PMO_MS": 0.00184573,
  "PMS_MS": 0.0,
  "PMP_ORD": 0.00408976560363964,
  "PMP_SUB": 0.00157288356924915,
  "PUBLISHED": 1,
  "TYPE_SECTEUR": "BANKING                                           "
}