{
  "ID_CURVE": 822,
  "DATE_CURVE": "2025-10-06T00:00:00",
  "ID_USER": 14,
  "PMO_MP": 0.00526786696586492,
  "PMS_MP": 0.00157288356924915,
  "PMO_MS": 0.00185855,
  "PMS_MS": 0.0,
  "PMP_ORD": 0.00413142797724328,
  "PMP_SUB": 0.00157288356924915,
  "PUBLISHED": 1,
  "TYPE_SECTEUR": "BANKING                                           "
}