{
  "ID_CURVE": 519,
  "DATE_CURVE": "2025-05-13T00:00:00",
  "ID_USER": 14,
  "PMO_MP": 0.00527603841949354,
  "PMS_MP": 0.00358265946265963,
  "PMO_MS": 0.00176995,
  "PMS_MS": 0.00317795,
  "PMP_ORD": 0.00410734227966236,
  "PMP_SUB": 0.0034477563084397535,
  "PUBLISHED": 1,
  "TYPE_SECTEUR": "BANKING                                           "
}