{
  "ID_CURVE": 1005,
  "DATE_CURVE": "2025-12-31T00:00:00",
  "ID_USER": 14,
  "PMO_MP": 0.00518248579964026,
  "PMS_MP": 0.00080177780326673,
  "PMO_MS": 0.00187475,
  "PMS_MS": 0.0,
  "PMP_ORD": 0.0040799071997601735,
  "PMP_SUB": 0.00080177780326673,
  "PUBLISHED": 1,
  "TYPE_SECTEUR": "BANKING                                           "
}