{
  "ID_CURVE": 321,
  "DATE_CURVE": "2025-02-04T00:00:00",
  "ID_USER": 14,
  "PMO_MP": 0.009817702434735433,
  "PMS_MP": 0.00968001441121779,
  "PMO_MS": 0.00716255,
  "PMS_MS": 0.00695161,
  "PMP_ORD": 0.008932651623156955,
  "PMP_SUB": 0.008770546274145193,
  "PUBLISHED": 1,
  "TYPE_SECTEUR": "LEASING                                           "
}