{
  "ID_CURVE": 628,
  "DATE_CURVE": "2025-07-04T00:00:00",
  "ID_USER": 14,
  "PMO_MP": 0.008347818919234695,
  "PMS_MP": 0.00565952306933802,
  "PMO_MS": 0.0060701,
  "PMS_MS": 0.00198367,
  "PMP_ORD": 0.0075885792794897974,
  "PMP_SUB": 0.004434238712892014,
  "PUBLISHED": 1,
  "TYPE_SECTEUR": "LEASING                                           "
}