{
  "ID_CURVE": 446,
  "DATE_CURVE": "2025-04-07T00:00:00",
  "ID_USER": 23,
  "PMO_MP": 0.0118654909869692,
  "PMS_MP": 0.0,
  "PMO_MS": 0.01058088,
  "PMS_MS": 0.0,
  "PMP_ORD": 0.011437287324646134,
  "PMP_SUB": 0.0,
  "PUBLISHED": 1,
  "TYPE_SECTEUR": "MICROFINANCE                                      "
}