{
  "ID_CURVE": 887,
  "DATE_CURVE": "2025-11-06T00:00:00",
  "ID_USER": 14,
  "PMO_MP": 0.00767733446531008,
  "PMS_MP": 0.00530773007692354,
  "PMO_MS": 0.00508356,
  "PMS_MS": 0.0019836,
  "PMP_ORD": 0.006812742976873387,
  "PMP_SUB": 0.004199686717949027,
  "PUBLISHED": 1,
  "TYPE_SECTEUR": "LEASING                                           "
}