{
  "ID_CURVE": 435,
  "DATE_CURVE": "2025-04-02T00:00:00",
  "ID_USER": 23,
  "PMO_MP": 0.009466039265414629,
  "PMS_MP": 0.00565952306933802,
  "PMO_MS": 0.00713145,
  "PMS_MS": 0.00311276,
  "PMP_ORD": 0.008687842843609753,
  "PMP_SUB": 0.004810602046225347,
  "PUBLISHED": 1,
  "TYPE_SECTEUR": "LEASING                                           "
}