{
  "ID_CURVE": 619,
  "DATE_CURVE": "2025-07-01T00:00:00",
  "ID_USER": 23,
  "PMO_MP": 0.008336643087447996,
  "PMS_MP": 0.00565952306933802,
  "PMO_MS": 0.00606934,
  "PMS_MS": 0.00198367,
  "PMP_ORD": 0.007580875391631998,
  "PMP_SUB": 0.004434238712892014,
  "PUBLISHED": 1,
  "TYPE_SECTEUR": "LEASING                                           "
}