{
  "ID_CURVE": 601,
  "DATE_CURVE": "2025-06-20T00:00:00",
  "ID_USER": 23,
  "PMO_MP": 0.008376583914362176,
  "PMS_MP": 0.00565952306933802,
  "PMO_MS": 0.00618506,
  "PMS_MS": 0.00198368,
  "PMP_ORD": 0.0076460759429081175,
  "PMP_SUB": 0.004434242046225347,
  "PUBLISHED": 1,
  "TYPE_SECTEUR": "LEASING                                           "
}