{
  "ID_CURVE": 699,
  "DATE_CURVE": "2025-08-07T00:00:00",
  "ID_USER": 23,
  "PMO_MP": 0.008282419604422896,
  "PMS_MP": 0.00530773007692354,
  "PMO_MS": 0.00606238,
  "PMS_MS": 0.00198365,
  "PMP_ORD": 0.007542406402948597,
  "PMP_SUB": 0.004199703384615693,
  "PUBLISHED": 1,
  "TYPE_SECTEUR": "LEASING                                           "
}