{
  "ID_CURVE": 282,
  "DATE_CURVE": "2025-01-16T00:00:00",
  "ID_USER": 14,
  "PMO_MP": 0.009786746204339104,
  "PMS_MP": 0.00968001441121779,
  "PMO_MS": 0.00716245,
  "PMS_MS": 0.00695193,
  "PMP_ORD": 0.008911980802892737,
  "PMP_SUB": 0.00877065294081186,
  "PUBLISHED": 1,
  "TYPE_SECTEUR": "LEASING                                           "
}