{
  "ID_CURVE": 995,
  "DATE_CURVE": "2025-12-26T00:00:00",
  "ID_USER": 14,
  "PMO_MP": 0.00534047084059806,
  "PMS_MP": 0.00080177780326673,
  "PMO_MS": 0.00187392,
  "PMS_MS": 0.0,
  "PMP_ORD": 0.00418495389373204,
  "PMP_SUB": 0.00080177780326673,
  "PUBLISHED": 1,
  "TYPE_SECTEUR": "BANKING                                           "
}