{
  "ID_CURVE": 618,
  "DATE_CURVE": "2025-06-30T00:00:00",
  "ID_USER": 23,
  "PMO_MP": 0.0053853567826997,
  "PMS_MP": 0.00168300665490757,
  "PMO_MS": 0.0018027,
  "PMS_MS": 0.0,
  "PMP_ORD": 0.004191137855133134,
  "PMP_SUB": 0.00168300665490757,
  "PUBLISHED": 1,
  "TYPE_SECTEUR": "BANKING                                           "
}