{
  "ID_CURVE": 536,
  "DATE_CURVE": "2025-05-21T00:00:00",
  "ID_USER": 23,
  "PMO_MP": 0.00872308915143526,
  "PMS_MP": 0.00565952306933802,
  "PMO_MS": 0.00551536,
  "PMS_MS": 0.00309994,
  "PMP_ORD": 0.00765384610095684,
  "PMP_SUB": 0.004806328712892013,
  "PUBLISHED": 1,
  "TYPE_SECTEUR": "LEASING                                           "
}