{
  "ID_CURVE": 798,
  "DATE_CURVE": "2025-09-24T00:00:00",
  "ID_USER": 14,
  "PMO_MP": 0.00532229728790574,
  "PMS_MP": 0.00157288356924915,
  "PMO_MS": 0.00185583,
  "PMS_MS": 0.0,
  "PMP_ORD": 0.00416680819193716,
  "PMP_SUB": 0.00157288356924915,
  "PUBLISHED": 1,
  "TYPE_SECTEUR": "BANKING                                           "
}