{
  "ID_CURVE": 550,
  "DATE_CURVE": "2025-05-27T00:00:00",
  "ID_USER": 23,
  "PMO_MP": 0.00521769551827072,
  "PMS_MP": 0.00245818527658664,
  "PMO_MS": 0.00177367,
  "PMS_MS": 0.0,
  "PMP_ORD": 0.00406968701218048,
  "PMP_SUB": 0.00245818527658664,
  "PUBLISHED": 1,
  "TYPE_SECTEUR": "BANKING                                           "
}