{
  "ID_CURVE": 450,
  "DATE_CURVE": "2025-04-10T00:00:00",
  "ID_USER": 23,
  "PMO_MP": 0.009490024025656548,
  "PMS_MP": 0.00565952306933802,
  "PMO_MS": 0.00713147,
  "PMS_MS": 0.00311051,
  "PMP_ORD": 0.0087038393504377,
  "PMP_SUB": 0.004809852046225346,
  "PUBLISHED": 1,
  "TYPE_SECTEUR": "LEASING                                           "
}