{
  "ID_CURVE": 429,
  "DATE_CURVE": "2025-03-27T00:00:00",
  "ID_USER": 23,
  "PMO_MP": 0.009773614855831529,
  "PMS_MP": 0.00565952306933802,
  "PMO_MS": 0.00712622,
  "PMS_MS": 0.00311448,
  "PMP_ORD": 0.008891149903887686,
  "PMP_SUB": 0.00481117537955868,
  "PUBLISHED": 1,
  "TYPE_SECTEUR": "LEASING                                           "
}