{
  "ID_CURVE": 396,
  "DATE_CURVE": "2025-03-11T00:00:00",
  "ID_USER": 23,
  "PMO_MP": 0.00987278672221316,
  "PMS_MP": 0.00968001441121779,
  "PMO_MS": 0.00716257,
  "PMS_MS": 0.00695109,
  "PMP_ORD": 0.008969381148142106,
  "PMP_SUB": 0.00877037294081186,
  "PUBLISHED": 1,
  "TYPE_SECTEUR": "LEASING                                           "
}