{
  "ID_CURVE": 714,
  "DATE_CURVE": "2025-08-15T00:00:00",
  "ID_USER": 14,
  "PMO_MP": 0.008363822513008176,
  "PMS_MP": 0.00530773007692354,
  "PMO_MS": 0.0060629,
  "PMS_MS": 0.00198364,
  "PMP_ORD": 0.007596848342005451,
  "PMP_SUB": 0.00419970005128236,
  "PUBLISHED": 1,
  "TYPE_SECTEUR": "LEASING                                           "
}