{
  "ID_CURVE": 614,
  "DATE_CURVE": "2025-06-27T00:00:00",
  "ID_USER": 23,
  "PMO_MP": 0.00532784716405536,
  "PMS_MP": 0.00168300665490757,
  "PMO_MS": 0.00177717,
  "PMS_MS": 0.0,
  "PMP_ORD": 0.00414428810937024,
  "PMP_SUB": 0.00168300665490757,
  "PUBLISHED": 1,
  "TYPE_SECTEUR": "BANKING                                           "
}