{
  "ID_CURVE": 432,
  "DATE_CURVE": "2025-03-28T00:00:00",
  "ID_USER": 23,
  "PMO_MP": 0.009466039265414629,
  "PMS_MP": 0.00565952306933802,
  "PMO_MS": 0.00713144,
  "PMS_MS": 0.00311419,
  "PMP_ORD": 0.00868783951027642,
  "PMP_SUB": 0.0048110787128920135,
  "PUBLISHED": 1,
  "TYPE_SECTEUR": "LEASING                                           "
}