{
  "ID_CURVE": 879,
  "DATE_CURVE": "2025-11-03T00:00:00",
  "ID_USER": 14,
  "PMO_MP": 0.00767391018831384,
  "PMS_MP": 0.00530773007692354,
  "PMO_MS": 0.0050834,
  "PMS_MS": 0.0019836,
  "PMP_ORD": 0.006810406792209227,
  "PMP_SUB": 0.004199686717949027,
  "PUBLISHED": 1,
  "TYPE_SECTEUR": "LEASING                                           "
}