{
  "ID_CURVE": 502,
  "DATE_CURVE": "2025-05-05T00:00:00",
  "ID_USER": 23,
  "PMO_MP": 0.00517685737490902,
  "PMS_MP": 0.00358265946265963,
  "PMO_MS": 0.00175816,
  "PMS_MS": 0.00317795,
  "PMP_ORD": 0.00403729158327268,
  "PMP_SUB": 0.0034477563084397535,
  "PUBLISHED": 1,
  "TYPE_SECTEUR": "BANKING                                           "
}