{
  "ID_CURVE": 813,
  "DATE_CURVE": "2025-10-01T00:00:00",
  "ID_USER": 14,
  "PMO_MP": 0.00539668248614814,
  "PMS_MP": 0.00157288356924915,
  "PMO_MS": 0.00185745,
  "PMS_MS": 0.0,
  "PMP_ORD": 0.00421693832409876,
  "PMP_SUB": 0.00157288356924915,
  "PUBLISHED": 1,
  "TYPE_SECTEUR": "BANKING                                           "
}