{
  "ID_CURVE": 727,
  "DATE_CURVE": "2025-08-21T00:00:00",
  "ID_USER": 23,
  "PMO_MP": 0.00538543988605292,
  "PMS_MP": 0.00168300665490757,
  "PMO_MS": 0.00183951,
  "PMS_MS": 0.0,
  "PMP_ORD": 0.0042034632573686136,
  "PMP_SUB": 0.00168300665490757,
  "PUBLISHED": 1,
  "TYPE_SECTEUR": "BANKING                                           "
}