{
  "ID_CURVE": 568,
  "DATE_CURVE": "2025-06-04T00:00:00",
  "ID_USER": 23,
  "PMO_MP": 0.00525452671880366,
  "PMS_MP": 0.00245818527658664,
  "PMO_MS": 0.00178142,
  "PMS_MS": 0.0,
  "PMP_ORD": 0.00409682447920244,
  "PMP_SUB": 0.00245818527658664,
  "PUBLISHED": 1,
  "TYPE_SECTEUR": "BANKING                                           "
}