{
  "ID_CURVE": 562,
  "DATE_CURVE": "2025-06-02T00:00:00",
  "ID_USER": 23,
  "PMO_MP": 0.008533724145996,
  "PMS_MP": 0.00565952306933802,
  "PMO_MS": 0.00552444,
  "PMS_MS": 0.00198369,
  "PMP_ORD": 0.007530629430664,
  "PMP_SUB": 0.00443424537955868,
  "PUBLISHED": 1,
  "TYPE_SECTEUR": "LEASING                                           "
}