{
  "ID_CURVE": 456,
  "DATE_CURVE": "2025-04-14T00:00:00",
  "ID_USER": 23,
  "PMO_MP": 0.009490024025656548,
  "PMS_MP": 0.00565952306933802,
  "PMO_MS": 0.00713159,
  "PMS_MS": 0.00310942,
  "PMP_ORD": 0.008703879350437699,
  "PMP_SUB": 0.0048094887128920134,
  "PUBLISHED": 1,
  "TYPE_SECTEUR": "LEASING                                           "
}