{
  "ID_CURVE": 885,
  "DATE_CURVE": "2025-11-05T00:00:00",
  "ID_USER": 24,
  "PMO_MP": 0.00517257478277686,
  "PMS_MP": 0.00112378703143689,
  "PMO_MS": 0.00186416,
  "PMS_MS": 0.0,
  "PMP_ORD": 0.004069769855184573,
  "PMP_SUB": 0.00112378703143689,
  "PUBLISHED": 1,
  "TYPE_SECTEUR": "BANKING                                           "
}