{
  "ID_CURVE": 438,
  "DATE_CURVE": "2025-04-03T00:00:00",
  "ID_USER": 14,
  "PMO_MP": 0.009466039265414629,
  "PMS_MP": 0.00565952306933802,
  "PMO_MS": 0.00713146,
  "PMS_MS": 0.00311247,
  "PMP_ORD": 0.008687846176943086,
  "PMP_SUB": 0.00481050537955868,
  "PUBLISHED": 1,
  "TYPE_SECTEUR": "LEASING                                           "
}