{
  "ID_CURVE": 921,
  "DATE_CURVE": "2025-11-21T00:00:00",
  "ID_USER": 14,
  "PMO_MP": 0.0051307395799164,
  "PMS_MP": 0.00080177780326673,
  "PMO_MS": 0.00186713,
  "PMS_MS": 0.0,
  "PMP_ORD": 0.004042869719944267,
  "PMP_SUB": 0.00080177780326673,
  "PUBLISHED": 1,
  "TYPE_SECTEUR": "BANKING                                           "
}