{
  "ID_CURVE": 303,
  "DATE_CURVE": "2025-01-27T00:00:00",
  "ID_USER": 14,
  "PMO_MP": 0.009851505065452192,
  "PMS_MP": 0.00968001441121779,
  "PMO_MS": 0.00716252,
  "PMS_MS": 0.00695174,
  "PMP_ORD": 0.00895517671030146,
  "PMP_SUB": 0.008770589607478526,
  "PUBLISHED": 1,
  "TYPE_SECTEUR": "LEASING                                           "
}