{
  "ID_CURVE": 585,
  "DATE_CURVE": "2025-06-13T00:00:00",
  "ID_USER": 23,
  "PMO_MP": 0.00841017361775204,
  "PMS_MP": 0.00565952306933802,
  "PMO_MS": 0.00591425,
  "PMS_MS": 0.00198368,
  "PMP_ORD": 0.00757819907850136,
  "PMP_SUB": 0.004434242046225347,
  "PUBLISHED": 1,
  "TYPE_SECTEUR": "LEASING                                           "
}