{
  "ID_CURVE": 899,
  "DATE_CURVE": "2025-11-12T00:00:00",
  "ID_USER": 14,
  "PMO_MP": 0.00497535266504768,
  "PMS_MP": 0.00112378703143689,
  "PMO_MS": 0.00186527,
  "PMS_MS": 0.0,
  "PMP_ORD": 0.00393865844336512,
  "PMP_SUB": 0.00112378703143689,
  "PUBLISHED": 1,
  "TYPE_SECTEUR": "BANKING                                           "
}