{
  "ID_CURVE": 506,
  "DATE_CURVE": "2025-05-07T00:00:00",
  "ID_USER": 14,
  "PMO_MP": 0.008824541921915004,
  "PMS_MP": 0.00565952306933802,
  "PMO_MS": 0.0053831,
  "PMS_MS": 0.00310338,
  "PMP_ORD": 0.007677394614610002,
  "PMP_SUB": 0.00480747537955868,
  "PUBLISHED": 1,
  "TYPE_SECTEUR": "LEASING                                           "
}