{
  "ID_CURVE": 478,
  "DATE_CURVE": "2025-04-22T00:00:00",
  "ID_USER": 23,
  "PMO_MP": 0.01170009412359124,
  "PMS_MP": 0.0,
  "PMO_MS": 0.01058088,
  "PMS_MS": 0.0,
  "PMP_ORD": 0.011327022749060826,
  "PMP_SUB": 0.0,
  "PUBLISHED": 1,
  "TYPE_SECTEUR": "MICROFINANCE                                      "
}