{
  "ID_CURVE": 466,
  "DATE_CURVE": "2025-04-17T00:00:00",
  "ID_USER": 23,
  "PMO_MP": 0.0050938373676114,
  "PMS_MP": 0.00358265946265963,
  "PMO_MS": 0.00155532,
  "PMS_MS": 0.00317795,
  "PMP_ORD": 0.0039143315784076,
  "PMP_SUB": 0.0034477563084397535,
  "PUBLISHED": 1,
  "TYPE_SECTEUR": "BANKING                                           "
}