{
  "ID_CURVE": 545,
  "DATE_CURVE": "2025-05-23T00:00:00",
  "ID_USER": 23,
  "PMO_MP": 0.00520661693230708,
  "PMS_MP": 0.00268914403851475,
  "PMO_MS": 0.00176932,
  "PMS_MS": 0.0,
  "PMP_ORD": 0.00406085128820472,
  "PMP_SUB": 0.00268914403851475,
  "PUBLISHED": 1,
  "TYPE_SECTEUR": "BANKING                                           "
}