{
  "ID_CURVE": 721,
  "DATE_CURVE": "2025-08-19T00:00:00",
  "ID_USER": 23,
  "PMO_MP": 0.00550919229304624,
  "PMS_MP": 0.00168300665490757,
  "PMO_MS": 0.00183877,
  "PMS_MS": 0.0,
  "PMP_ORD": 0.00428571819536416,
  "PMP_SUB": 0.00168300665490757,
  "PUBLISHED": 1,
  "TYPE_SECTEUR": "BANKING                                           "
}