{
  "ID_CURVE": 927,
  "DATE_CURVE": "2025-11-25T00:00:00",
  "ID_USER": 14,
  "PMO_MP": 0.00505900959236532,
  "PMS_MP": 0.00080177780326673,
  "PMO_MS": 0.00186802,
  "PMS_MS": 0.0,
  "PMP_ORD": 0.003995346394910213,
  "PMP_SUB": 0.00080177780326673,
  "PUBLISHED": 1,
  "TYPE_SECTEUR": "BANKING                                           "
}