{
  "ID_CURVE": 949,
  "DATE_CURVE": "2025-12-04T00:00:00",
  "ID_USER": 14,
  "PMO_MP": 0.00534077002568196,
  "PMS_MP": 0.00080177780326673,
  "PMO_MS": 0.00186989,
  "PMS_MS": 0.0,
  "PMP_ORD": 0.004183810017121307,
  "PMP_SUB": 0.00080177780326673,
  "PUBLISHED": 1,
  "TYPE_SECTEUR": "BANKING                                           "
}