{
  "ID_CURVE": 386,
  "DATE_CURVE": "2025-03-05T00:00:00",
  "ID_USER": 23,
  "PMO_MP": 0.0120504815474461,
  "PMS_MP": 0.0,
  "PMO_MS": 0.01041125,
  "PMS_MS": 0.0,
  "PMP_ORD": 0.011504071031630734,
  "PMP_SUB": 0.0,
  "PUBLISHED": 1,
  "TYPE_SECTEUR": "MICROFINANCE                                      "
}