{
  "ID_CURVE": 803,
  "DATE_CURVE": "2025-09-26T00:00:00",
  "ID_USER": 14,
  "PMO_MP": 0.0052793256406163,
  "PMS_MP": 0.00157288356924915,
  "PMO_MS": 0.0018563,
  "PMS_MS": 0.0,
  "PMP_ORD": 0.0041383170937442,
  "PMP_SUB": 0.00157288356924915,
  "PUBLISHED": 1,
  "TYPE_SECTEUR": "BANKING                                           "
}