{
  "ID_CURVE": 477,
  "DATE_CURVE": "2025-04-22T00:00:00",
  "ID_USER": 23,
  "PMO_MP": 0.00508612862754866,
  "PMS_MP": 0.00358265946265963,
  "PMO_MS": 0.00155477,
  "PMS_MS": 0.00317795,
  "PMP_ORD": 0.00390900908503244,
  "PMP_SUB": 0.0034477563084397535,
  "PUBLISHED": 1,
  "TYPE_SECTEUR": "BANKING                                           "
}