{
  "ID_CURVE": 602,
  "DATE_CURVE": "2025-06-20T00:00:00",
  "ID_USER": 23,
  "PMO_MP": 0.00520285808745306,
  "PMS_MP": 0.00168300665490757,
  "PMO_MS": 0.00179394,
  "PMS_MS": 0.0,
  "PMP_ORD": 0.00406655205830204,
  "PMP_SUB": 0.00168300665490757,
  "PUBLISHED": 1,
  "TYPE_SECTEUR": "BANKING                                           "
}