{
  "ID_CURVE": 576,
  "DATE_CURVE": "2025-06-10T00:00:00",
  "ID_USER": 23,
  "PMO_MP": 0.00843319205884606,
  "PMS_MP": 0.00565952306933802,
  "PMO_MS": 0.00591433,
  "PMS_MS": 0.00198368,
  "PMP_ORD": 0.00759357137256404,
  "PMP_SUB": 0.004434242046225347,
  "PUBLISHED": 1,
  "TYPE_SECTEUR": "LEASING                                           "
}