{
  "ID_CURVE": 465,
  "DATE_CURVE": "2025-04-17T00:00:00",
  "ID_USER": 23,
  "PMO_MP": 0.009501552901173167,
  "PMS_MP": 0.00565952306933802,
  "PMO_MS": 0.00713159,
  "PMS_MS": 0.0031086,
  "PMP_ORD": 0.00871156526744878,
  "PMP_SUB": 0.00480921537955868,
  "PUBLISHED": 1,
  "TYPE_SECTEUR": "LEASING                                           "
}