{
  "ID_CURVE": 840,
  "DATE_CURVE": "2025-10-14T00:00:00",
  "ID_USER": 14,
  "PMO_MP": 0.00526921719150332,
  "PMS_MP": 0.00157288356924915,
  "PMO_MS": 0.0018602,
  "PMS_MS": 0.0,
  "PMP_ORD": 0.00413287812766888,
  "PMP_SUB": 0.00157288356924915,
  "PUBLISHED": 1,
  "TYPE_SECTEUR": "BANKING                                           "
}