{
  "ID_CURVE": 653,
  "DATE_CURVE": "2025-07-16T00:00:00",
  "ID_USER": 23,
  "PMO_MP": 0.0051625154639384,
  "PMS_MP": 0.00168300665490757,
  "PMO_MS": 0.00181418,
  "PMS_MS": 0.0,
  "PMP_ORD": 0.0040464036426256,
  "PMP_SUB": 0.00168300665490757,
  "PUBLISHED": 1,
  "TYPE_SECTEUR": "BANKING                                           "
}