{
  "ID_CURVE": 265,
  "DATE_CURVE": "2025-01-09T00:00:00",
  "ID_USER": 23,
  "PMO_MP": 0.0133322833947067,
  "PMS_MP": 0.00358265946265963,
  "PMO_MS": 0.0,
  "PMS_MS": 0.0030204,
  "PMP_ORD": 0.0133322833947067,
  "PMP_SUB": 0.0033952396417730865,
  "PUBLISHED": 1,
  "TYPE_SECTEUR": "BANKING                                           "
}