{
  "ID_CURVE": 531,
  "DATE_CURVE": "2025-05-19T00:00:00",
  "ID_USER": 23,
  "PMO_MP": 0.00527383666420096,
  "PMS_MP": 0.00268914403851475,
  "PMO_MS": 0.00188701,
  "PMS_MS": 0.0,
  "PMP_ORD": 0.00414489444280064,
  "PMP_SUB": 0.00268914403851475,
  "PUBLISHED": 1,
  "TYPE_SECTEUR": "BANKING                                           "
}