{
  "ID_CURVE": 608,
  "DATE_CURVE": "2025-06-24T00:00:00",
  "ID_USER": 23,
  "PMO_MP": 0.00535604501930888,
  "PMS_MP": 0.00168300665490757,
  "PMO_MS": 0.00179658,
  "PMS_MS": 0.0,
  "PMP_ORD": 0.0041695566795392535,
  "PMP_SUB": 0.00168300665490757,
  "PUBLISHED": 1,
  "TYPE_SECTEUR": "BANKING                                           "
}