{
  "ID_CURVE": 357,
  "DATE_CURVE": "2025-02-20T00:00:00",
  "ID_USER": 23,
  "PMO_MP": 0.010132361233474092,
  "PMS_MP": 0.00968001441121779,
  "PMO_MS": 0.00716256,
  "PMS_MS": 0.00695136,
  "PMP_ORD": 0.009142427488982727,
  "PMP_SUB": 0.00877046294081186,
  "PUBLISHED": 1,
  "TYPE_SECTEUR": "LEASING                                           "
}