{
  "ID_CURVE": 408,
  "DATE_CURVE": "2025-03-17T00:00:00",
  "ID_USER": 23,
  "PMO_MP": 0.00983028000009464,
  "PMS_MP": 0.00968001441121779,
  "PMO_MS": 0.00716201,
  "PMS_MS": 0.00695101,
  "PMP_ORD": 0.00894085666672976,
  "PMP_SUB": 0.008770346274145193,
  "PUBLISHED": 1,
  "TYPE_SECTEUR": "LEASING                                           "
}