{
  "ID_CURVE": 515,
  "DATE_CURVE": "2025-05-12T00:00:00",
  "ID_USER": 23,
  "PMO_MP": 0.008818572536746469,
  "PMS_MP": 0.00565952306933802,
  "PMO_MS": 0.00548869,
  "PMS_MS": 0.00310213,
  "PMP_ORD": 0.007708611691164312,
  "PMP_SUB": 0.004807058712892013,
  "PUBLISHED": 1,
  "TYPE_SECTEUR": "LEASING                                           "
}