{
  "ID_CURVE": 529,
  "DATE_CURVE": "2025-05-16T00:00:00",
  "ID_USER": 23,
  "PMO_MP": 0.01169297184236456,
  "PMS_MP": 0.0,
  "PMO_MS": 0.01058088,
  "PMS_MS": 0.0,
  "PMP_ORD": 0.011322274561576374,
  "PMP_SUB": 0.0,
  "PUBLISHED": 1,
  "TYPE_SECTEUR": "MICROFINANCE                                      "
}