{
  "ID_CURVE": 494,
  "DATE_CURVE": "2025-04-30T00:00:00",
  "ID_USER": 14,
  "PMO_MP": 0.009467965049258087,
  "PMS_MP": 0.00565952306933802,
  "PMO_MS": 0.00712904,
  "PMS_MS": 0.00310517,
  "PMP_ORD": 0.00868832336617206,
  "PMP_SUB": 0.0048080720462253465,
  "PUBLISHED": 1,
  "TYPE_SECTEUR": "LEASING                                           "
}