{
  "ID_CURVE": 983,
  "DATE_CURVE": "2025-12-22T00:00:00",
  "ID_USER": 14,
  "PMO_MP": 0.00550559929958636,
  "PMS_MP": 0.00080177780326673,
  "PMO_MS": 0.00187324,
  "PMS_MS": 0.0,
  "PMP_ORD": 0.004294812866390906,
  "PMP_SUB": 0.00080177780326673,
  "PUBLISHED": 1,
  "TYPE_SECTEUR": "BANKING                                           "
}