{
  "ID_CURVE": 998,
  "DATE_CURVE": "2025-12-29T00:00:00",
  "ID_USER": 14,
  "PMO_MP": 0.00526805697006882,
  "PMS_MP": 0.00080177780326673,
  "PMO_MS": 0.00187442,
  "PMS_MS": 0.0,
  "PMP_ORD": 0.004136844646712547,
  "PMP_SUB": 0.00080177780326673,
  "PUBLISHED": 1,
  "TYPE_SECTEUR": "BANKING                                           "
}