{
  "ID_CURVE": 471,
  "DATE_CURVE": "2025-04-18T00:00:00",
  "ID_USER": 14,
  "PMO_MP": 0.009496914007983748,
  "PMS_MP": 0.00565952306933802,
  "PMO_MS": 0.00713159,
  "PMS_MS": 0.00310833,
  "PMP_ORD": 0.008708472671989166,
  "PMP_SUB": 0.00480912537955868,
  "PUBLISHED": 1,
  "TYPE_SECTEUR": "LEASING                                           "
}