{
  "ID_CURVE": 754,
  "DATE_CURVE": "2025-09-03T00:00:00",
  "ID_USER": 14,
  "PMO_MP": 0.00535671299994896,
  "PMS_MP": 0.00168268941682802,
  "PMO_MS": 0.00184391,
  "PMS_MS": 0.0,
  "PMP_ORD": 0.00418577866663264,
  "PMP_SUB": 0.00168268941682802,
  "PUBLISHED": 1,
  "TYPE_SECTEUR": "BANKING                                           "
}