{
  "ID_CURVE": 894,
  "DATE_CURVE": "2025-11-10T00:00:00",
  "ID_USER": 24,
  "PMO_MP": 0.0050193350318614,
  "PMS_MP": 0.00112378703143689,
  "PMO_MS": 0.00186496,
  "PMS_MS": 0.0,
  "PMP_ORD": 0.0039678766879076,
  "PMP_SUB": 0.00112378703143689,
  "PUBLISHED": 1,
  "TYPE_SECTEUR": "BANKING                                           "
}