{
  "ID_CURVE": 924,
  "DATE_CURVE": "2025-11-24T00:00:00",
  "ID_USER": 14,
  "PMO_MP": 0.00499919482170926,
  "PMS_MP": 0.00080177780326673,
  "PMO_MS": 0.0018678,
  "PMS_MS": 0.0,
  "PMP_ORD": 0.003955396547806174,
  "PMP_SUB": 0.00080177780326673,
  "PUBLISHED": 1,
  "TYPE_SECTEUR": "BANKING                                           "
}