{
  "ID_CURVE": 760,
  "DATE_CURVE": "2025-09-08T00:00:00",
  "ID_USER": 14,
  "PMO_MP": 0.00519418640172726,
  "PMS_MP": 0.00157288356924915,
  "PMO_MS": 0.00184543,
  "PMS_MS": 0.0,
  "PMP_ORD": 0.004077934267818173,
  "PMP_SUB": 0.00157288356924915,
  "PUBLISHED": 1,
  "TYPE_SECTEUR": "BANKING                                           "
}