{
  "ID_CURVE": 697,
  "DATE_CURVE": "2025-08-06T00:00:00",
  "ID_USER": 23,
  "PMO_MP": 0.00540571374934504,
  "PMS_MP": 0.00168300665490757,
  "PMO_MS": 0.00183348,
  "PMS_MS": 0.0,
  "PMP_ORD": 0.004214969166230027,
  "PMP_SUB": 0.00168300665490757,
  "PUBLISHED": 1,
  "TYPE_SECTEUR": "BANKING                                           "
}