{
  "ID_CURVE": 977,
  "DATE_CURVE": "2025-12-18T00:00:00",
  "ID_USER": 24,
  "PMO_MP": 0.00776262289579004,
  "PMS_MP": 0.00530773007692354,
  "PMO_MS": 0.00508549,
  "PMS_MS": 0.00021688,
  "PMP_ORD": 0.006870245263860026,
  "PMP_SUB": 0.00361078005128236,
  "PUBLISHED": 1,
  "TYPE_SECTEUR": "LEASING                                           "
}