{
  "ID_CURVE": 644,
  "DATE_CURVE": "2025-07-11T00:00:00",
  "ID_USER": 23,
  "PMO_MP": 0.00519612381706092,
  "PMS_MP": 0.00168300665490757,
  "PMO_MS": 0.00181091,
  "PMS_MS": 0.0,
  "PMP_ORD": 0.004067719211373947,
  "PMP_SUB": 0.00168300665490757,
  "PUBLISHED": 1,
  "TYPE_SECTEUR": "BANKING                                           "
}