{
  "ID_CURVE": 892,
  "DATE_CURVE": "2025-11-07T00:00:00",
  "ID_USER": 24,
  "PMO_MP": 0.00779072150726058,
  "PMS_MP": 0.00530773007692354,
  "PMO_MS": 0.00508362,
  "PMS_MS": 0.0019836,
  "PMP_ORD": 0.00688835433817372,
  "PMP_SUB": 0.004199686717949027,
  "PUBLISHED": 1,
  "TYPE_SECTEUR": "LEASING                                           "
}