{
  "ID_CURVE": 810,
  "DATE_CURVE": "2025-09-30T00:00:00",
  "ID_USER": 14,
  "PMO_MP": 0.00539514208137918,
  "PMS_MP": 0.00157288356924915,
  "PMO_MS": 0.00185723,
  "PMS_MS": 0.0,
  "PMP_ORD": 0.004215838054252787,
  "PMP_SUB": 0.00157288356924915,
  "PUBLISHED": 1,
  "TYPE_SECTEUR": "BANKING                                           "
}