{
  "ID_CURVE": 713,
  "DATE_CURVE": "2025-08-14T00:00:00",
  "ID_USER": 14,
  "PMO_MP": 0.010396278679249804,
  "PMS_MP": 0.0,
  "PMO_MS": 0.0,
  "PMS_MS": 0.0,
  "PMP_ORD": 0.010396278679249804,
  "PMP_SUB": 0.0,
  "PUBLISHED": 1,
  "TYPE_SECTEUR": "MICROFINANCE                                      "
}