{
  "ID_CURVE": 620,
  "DATE_CURVE": "2025-07-01T00:00:00",
  "ID_USER": 23,
  "PMO_MP": 0.0053479435235567,
  "PMS_MP": 0.00168300665490757,
  "PMO_MS": 0.00180352,
  "PMS_MS": 0.0,
  "PMP_ORD": 0.004166469015704466,
  "PMP_SUB": 0.00168300665490757,
  "PUBLISHED": 1,
  "TYPE_SECTEUR": "BANKING                                           "
}