{
  "ID_CURVE": 692,
  "DATE_CURVE": "2025-08-05T00:00:00",
  "ID_USER": 23,
  "PMO_MP": 0.008283527994780476,
  "PMS_MP": 0.00530773007692354,
  "PMO_MS": 0.00606223,
  "PMS_MS": 0.00198365,
  "PMP_ORD": 0.007543095329853651,
  "PMP_SUB": 0.004199703384615693,
  "PUBLISHED": 1,
  "TYPE_SECTEUR": "LEASING                                           "
}