{
  "ID_CURVE": 849,
  "DATE_CURVE": "2025-10-20T00:00:00",
  "ID_USER": 14,
  "PMO_MP": 0.00517684449959506,
  "PMS_MP": 0.00157288356924915,
  "PMO_MS": 0.00186135,
  "PMS_MS": 0.0,
  "PMP_ORD": 0.004071679666396707,
  "PMP_SUB": 0.00157288356924915,
  "PUBLISHED": 1,
  "TYPE_SECTEUR": "BANKING                                           "
}