{
  "ID_CURVE": 888,
  "DATE_CURVE": "2025-11-06T00:00:00",
  "ID_USER": 14,
  "PMO_MP": 0.00504090343883046,
  "PMS_MP": 0.00112378703143689,
  "PMO_MS": 0.00186432,
  "PMS_MS": 0.0,
  "PMP_ORD": 0.00398204229255364,
  "PMP_SUB": 0.00112378703143689,
  "PUBLISHED": 1,
  "TYPE_SECTEUR": "BANKING                                           "
}