{
  "ID_CURVE": 865,
  "DATE_CURVE": "2025-10-27T00:00:00",
  "ID_USER": 14,
  "PMO_MP": 0.010240603960042775,
  "PMS_MP": 0.0,
  "PMO_MS": 0.0,
  "PMS_MS": 0.0,
  "PMP_ORD": 0.010240603960042775,
  "PMP_SUB": 0.0,
  "PUBLISHED": 1,
  "TYPE_SECTEUR": "MICROFINANCE                                      "
}