{
  "ID_CURVE": 738,
  "DATE_CURVE": "2025-08-27T00:00:00",
  "ID_USER": 23,
  "PMO_MP": 0.008390641978669755,
  "PMS_MP": 0.00530773007692354,
  "PMO_MS": 0.00606356,
  "PMS_MS": 0.00198363,
  "PMP_ORD": 0.0076149479857798375,
  "PMP_SUB": 0.004199696717949027,
  "PUBLISHED": 1,
  "TYPE_SECTEUR": "LEASING                                           "
}