{
  "ID_CURVE": 895,
  "DATE_CURVE": "2025-11-10T00:00:00",
  "ID_USER": 24,
  "PMO_MP": 0.00779248687976294,
  "PMS_MP": 0.00530773007692354,
  "PMO_MS": 0.00508377,
  "PMS_MS": 0.0019836,
  "PMP_ORD": 0.006889581253175294,
  "PMP_SUB": 0.004199686717949027,
  "PUBLISHED": 1,
  "TYPE_SECTEUR": "LEASING                                           "
}