{
  "ID_CURVE": 516,
  "DATE_CURVE": "2025-05-12T00:00:00",
  "ID_USER": 23,
  "PMO_MP": 0.00524791896842334,
  "PMS_MP": 0.00358265946265963,
  "PMO_MS": 0.0017686,
  "PMS_MS": 0.00317795,
  "PMP_ORD": 0.004088145978948893,
  "PMP_SUB": 0.0034477563084397535,
  "PUBLISHED": 1,
  "TYPE_SECTEUR": "BANKING                                           "
}