{
  "ID_CURVE": 582,
  "DATE_CURVE": "2025-06-12T00:00:00",
  "ID_USER": 23,
  "PMO_MP": 0.00843888554834268,
  "PMS_MP": 0.00565952306933802,
  "PMO_MS": 0.00591428,
  "PMS_MS": 0.00198368,
  "PMP_ORD": 0.007597350365561787,
  "PMP_SUB": 0.004434242046225347,
  "PUBLISHED": 1,
  "TYPE_SECTEUR": "LEASING                                           "
}