{
  "ID_CURVE": 539,
  "DATE_CURVE": "2025-05-22T00:00:00",
  "ID_USER": 23,
  "PMO_MP": 0.00872308915143526,
  "PMS_MP": 0.00565952306933802,
  "PMO_MS": 0.0055153,
  "PMS_MS": 0.0030997,
  "PMP_ORD": 0.00765382610095684,
  "PMP_SUB": 0.004806248712892014,
  "PUBLISHED": 1,
  "TYPE_SECTEUR": "LEASING                                           "
}