{
  "ID_CURVE": 729,
  "DATE_CURVE": "2025-08-22T00:00:00",
  "ID_USER": 23,
  "PMO_MP": 0.008400983991957637,
  "PMS_MP": 0.00530773007692354,
  "PMO_MS": 0.0060633,
  "PMS_MS": 0.00198364,
  "PMP_ORD": 0.007621755994638424,
  "PMP_SUB": 0.00419970005128236,
  "PUBLISHED": 1,
  "TYPE_SECTEUR": "LEASING                                           "
}