{
  "ID_CURVE": 565,
  "DATE_CURVE": "2025-06-03T00:00:00",
  "ID_USER": 23,
  "PMO_MP": 0.00526081818591816,
  "PMS_MP": 0.00245818527658664,
  "PMO_MS": 0.00178052,
  "PMS_MS": 0.0,
  "PMP_ORD": 0.004100718790612107,
  "PMP_SUB": 0.00245818527658664,
  "PUBLISHED": 1,
  "TYPE_SECTEUR": "BANKING                                           "
}