{
  "ID_CURVE": 986,
  "DATE_CURVE": "2025-12-23T00:00:00",
  "ID_USER": 14,
  "PMO_MP": 0.00550307502066028,
  "PMS_MP": 0.00080177780326673,
  "PMO_MS": 0.00187342,
  "PMS_MS": 0.0,
  "PMP_ORD": 0.00429319001377352,
  "PMP_SUB": 0.00080177780326673,
  "PUBLISHED": 1,
  "TYPE_SECTEUR": "BANKING                                           "
}