{
  "ID_CURVE": 720,
  "DATE_CURVE": "2025-08-19T00:00:00",
  "ID_USER": 23,
  "PMO_MP": 0.008269889347444477,
  "PMS_MP": 0.00530773007692354,
  "PMO_MS": 0.00606313,
  "PMS_MS": 0.00198364,
  "PMP_ORD": 0.007534302898296317,
  "PMP_SUB": 0.00419970005128236,
  "PUBLISHED": 1,
  "TYPE_SECTEUR": "LEASING                                           "
}