{
  "ID_CURVE": 819,
  "DATE_CURVE": "2025-10-03T00:00:00",
  "ID_USER": 14,
  "PMO_MP": 0.00526173461481306,
  "PMS_MP": 0.00157288356924915,
  "PMO_MS": 0.0018579,
  "PMS_MS": 0.0,
  "PMP_ORD": 0.00412712307654204,
  "PMP_SUB": 0.00157288356924915,
  "PUBLISHED": 1,
  "TYPE_SECTEUR": "BANKING                                           "
}