{
  "ID_CURVE": 946,
  "DATE_CURVE": "2025-12-03T00:00:00",
  "ID_USER": 14,
  "PMO_MP": 0.0053463896068001,
  "PMS_MP": 0.00080177780326673,
  "PMO_MS": 0.00186969,
  "PMS_MS": 0.0,
  "PMP_ORD": 0.004187489737866733,
  "PMP_SUB": 0.00080177780326673,
  "PUBLISHED": 1,
  "TYPE_SECTEUR": "BANKING                                           "
}