{
  "ID_CURVE": 708,
  "DATE_CURVE": "2025-08-12T00:00:00",
  "ID_USER": 14,
  "PMO_MP": 0.008324164906968096,
  "PMS_MP": 0.00530773007692354,
  "PMO_MS": 0.00606271,
  "PMS_MS": 0.00198364,
  "PMP_ORD": 0.0075703466046453975,
  "PMP_SUB": 0.00419970005128236,
  "PUBLISHED": 1,
  "TYPE_SECTEUR": "LEASING                                           "
}