{
  "ID_CURVE": 537,
  "DATE_CURVE": "2025-05-21T00:00:00",
  "ID_USER": 23,
  "PMO_MP": 0.00523470038762304,
  "PMS_MP": 0.00268914403851475,
  "PMO_MS": 0.001767,
  "PMS_MS": 0.0,
  "PMP_ORD": 0.00407880025841536,
  "PMP_SUB": 0.00268914403851475,
  "PUBLISHED": 1,
  "TYPE_SECTEUR": "BANKING                                           "
}