{
  "ID_CURVE": 270,
  "DATE_CURVE": "2025-01-13T00:00:00",
  "ID_USER": 14,
  "PMO_MP": 0.010011676828832536,
  "PMS_MP": 0.00968001441121779,
  "PMO_MS": 0.00716242,
  "PMS_MS": 0.00695198,
  "PMP_ORD": 0.009061924552555023,
  "PMP_SUB": 0.008770669607478526,
  "PUBLISHED": 1,
  "TYPE_SECTEUR": "LEASING                                           "
}