{
  "ID_CURVE": 909,
  "DATE_CURVE": "2025-11-17T00:00:00",
  "ID_USER": 14,
  "PMO_MP": 0.00501505967901564,
  "PMS_MP": 0.00112378703143689,
  "PMO_MS": 0.00186603,
  "PMS_MS": 0.0,
  "PMP_ORD": 0.00396538311934376,
  "PMP_SUB": 0.00112378703143689,
  "PUBLISHED": 1,
  "TYPE_SECTEUR": "BANKING                                           "
}