{
  "ID_CURVE": 610,
  "DATE_CURVE": "2025-06-25T00:00:00",
  "ID_USER": 23,
  "PMO_MP": 0.008329746636387737,
  "PMS_MP": 0.00565952306933802,
  "PMO_MS": 0.0060665,
  "PMS_MS": 0.00198367,
  "PMP_ORD": 0.007575331090925157,
  "PMP_SUB": 0.004434238712892014,
  "PUBLISHED": 1,
  "TYPE_SECTEUR": "LEASING                                           "
}