{
  "ID_CURVE": 525,
  "DATE_CURVE": "2025-05-15T00:00:00",
  "ID_USER": 14,
  "PMO_MP": 0.00527074443380368,
  "PMS_MP": 0.00268914403851475,
  "PMO_MS": 0.00177257,
  "PMS_MS": 3.554e-05,
  "PMP_ORD": 0.004104686289202453,
  "PMP_SUB": 0.0018046093590098334,
  "PUBLISHED": 1,
  "TYPE_SECTEUR": "BANKING                                           "
}