{
  "ID_CURVE": 441,
  "DATE_CURVE": "2025-04-04T00:00:00",
  "ID_USER": 23,
  "PMO_MP": 0.009488993780697928,
  "PMS_MP": 0.00565952306933802,
  "PMO_MS": 0.00713146,
  "PMS_MS": 0.00311219,
  "PMP_ORD": 0.008703149187131953,
  "PMP_SUB": 0.0048104120462253465,
  "PUBLISHED": 1,
  "TYPE_SECTEUR": "LEASING                                           "
}