{
  "ID_CURVE": 626,
  "DATE_CURVE": "2025-07-03T00:00:00",
  "ID_USER": 23,
  "PMO_MP": 0.005043201915293356,
  "PMS_MP": 0.00238123089901379,
  "PMO_MS": 0.0018051,
  "PMS_MS": 0.0,
  "PMP_ORD": 0.003963834610195571,
  "PMP_SUB": 0.00238123089901379,
  "PUBLISHED": 1,
  "TYPE_SECTEUR": "BANKING                                           "
}