{
  "ID_CURVE": 662,
  "DATE_CURVE": "2025-07-21T00:00:00",
  "ID_USER": 23,
  "PMO_MP": 0.008316624099884876,
  "PMS_MP": 0.00530773007692354,
  "PMO_MS": 0.0060607,
  "PMS_MS": 0.00198366,
  "PMP_ORD": 0.0075646493999232504,
  "PMP_SUB": 0.004199706717949027,
  "PUBLISHED": 1,
  "TYPE_SECTEUR": "LEASING                                           "
}