{
  "ID_CURVE": 324,
  "DATE_CURVE": "2025-02-05T00:00:00",
  "ID_USER": 23,
  "PMO_MP": 0.009838852973612752,
  "PMS_MP": 0.00968001441121779,
  "PMO_MS": 0.00716255,
  "PMS_MS": 0.0069516,
  "PMP_ORD": 0.008946751982408501,
  "PMP_SUB": 0.00877054294081186,
  "PUBLISHED": 1,
  "TYPE_SECTEUR": "LEASING                                           "
}