{
  "ID_CURVE": 486,
  "DATE_CURVE": "2025-04-25T00:00:00",
  "ID_USER": 23,
  "PMO_MP": 0.00505381536633678,
  "PMS_MP": 0.00358265946265963,
  "PMO_MS": 0.00155241,
  "PMS_MS": 0.00317795,
  "PMP_ORD": 0.00388668024422452,
  "PMP_SUB": 0.0034477563084397535,
  "PUBLISHED": 1,
  "TYPE_SECTEUR": "BANKING                                           "
}