{
  "ID_CURVE": 407,
  "DATE_CURVE": "2025-03-14T00:00:00",
  "ID_USER": 23,
  "PMO_MP": 0.0120504815474461,
  "PMS_MP": 0.0,
  "PMO_MS": 0.01058088,
  "PMS_MS": 0.0,
  "PMP_ORD": 0.011560614364964066,
  "PMP_SUB": 0.0,
  "PUBLISHED": 1,
  "TYPE_SECTEUR": "MICROFINANCE                                      "
}