{
  "ID_CURVE": 419,
  "DATE_CURVE": "2025-03-21T00:00:00",
  "ID_USER": 23,
  "PMO_MP": 0.01191339249420208,
  "PMS_MP": 0.0,
  "PMO_MS": 0.01058088,
  "PMS_MS": 0.0,
  "PMP_ORD": 0.011469221662801387,
  "PMP_SUB": 0.0,
  "PUBLISHED": 1,
  "TYPE_SECTEUR": "MICROFINANCE                                      "
}