{
  "ID_CURVE": 842,
  "DATE_CURVE": "2025-10-16T00:00:00",
  "ID_USER": 14,
  "PMO_MP": 0.007782249205055076,
  "PMS_MP": 0.00530773007692354,
  "PMO_MS": 0.00537865,
  "PMS_MS": 0.00198361,
  "PMP_ORD": 0.0069810494700367175,
  "PMP_SUB": 0.00419969005128236,
  "PUBLISHED": 1,
  "TYPE_SECTEUR": "LEASING                                           "
}