{
  "ID_CURVE": 591,
  "DATE_CURVE": "2025-06-16T00:00:00",
  "ID_USER": 23,
  "PMO_MP": 0.010678472430959537,
  "PMS_MP": 0.0,
  "PMO_MS": 0.0,
  "PMS_MS": 0.0,
  "PMP_ORD": 0.010678472430959537,
  "PMP_SUB": 0.0,
  "PUBLISHED": 1,
  "TYPE_SECTEUR": "MICROFINANCE                                      "
}