{
  "ID_CURVE": 641,
  "DATE_CURVE": "2025-07-10T00:00:00",
  "ID_USER": 23,
  "PMO_MP": 0.00518106794658838,
  "PMS_MP": 0.00168300665490757,
  "PMO_MS": 0.00181023,
  "PMS_MS": 0.0,
  "PMP_ORD": 0.004057455297725587,
  "PMP_SUB": 0.00168300665490757,
  "PUBLISHED": 1,
  "TYPE_SECTEUR": "BANKING                                           "
}