{
  "ID_CURVE": 992,
  "DATE_CURVE": "2025-12-25T00:00:00",
  "ID_USER": 14,
  "PMO_MP": 0.00534269940600018,
  "PMS_MP": 0.00080177780326673,
  "PMO_MS": 0.0,
  "PMS_MS": 0.0,
  "PMP_ORD": 0.00534269940600018,
  "PMP_SUB": 0.00080177780326673,
  "PUBLISHED": 1,
  "TYPE_SECTEUR": "BANKING                                           "
}