{
  "ID_CURVE": 897,
  "DATE_CURVE": "2025-11-11T00:00:00",
  "ID_USER": 14,
  "PMO_MP": 0.00495961926123954,
  "PMS_MP": 0.00112378703143689,
  "PMO_MS": 0.00186512,
  "PMS_MS": 0.0,
  "PMP_ORD": 0.003928119507493027,
  "PMP_SUB": 0.00112378703143689,
  "PUBLISHED": 1,
  "TYPE_SECTEUR": "BANKING                                           "
}