{
  "ID_CURVE": 462,
  "DATE_CURVE": "2025-04-16T00:00:00",
  "ID_USER": 23,
  "PMO_MP": 0.009490024025656548,
  "PMS_MP": 0.00565952306933802,
  "PMO_MS": 0.00713159,
  "PMS_MS": 0.00310887,
  "PMP_ORD": 0.008703879350437699,
  "PMP_SUB": 0.00480930537955868,
  "PUBLISHED": 1,
  "TYPE_SECTEUR": "LEASING                                           "
}