{
  "ID_CURVE": 681,
  "DATE_CURVE": "2025-07-30T00:00:00",
  "ID_USER": 23,
  "PMO_MP": 0.00504184011772402,
  "PMS_MP": 0.00168300665490757,
  "PMO_MS": 0.0018221,
  "PMS_MS": 0.0,
  "PMP_ORD": 0.003968593411816013,
  "PMP_SUB": 0.00168300665490757,
  "PUBLISHED": 1,
  "TYPE_SECTEUR": "BANKING                                           "
}