{
  "ID_CURVE": 834,
  "DATE_CURVE": "2025-10-10T00:00:00",
  "ID_USER": 14,
  "PMO_MP": 0.00527681158370996,
  "PMS_MP": 0.00157288356924915,
  "PMO_MS": 0.00185939,
  "PMS_MS": 0.0,
  "PMP_ORD": 0.00413767105580664,
  "PMP_SUB": 0.00157288356924915,
  "PUBLISHED": 1,
  "TYPE_SECTEUR": "BANKING                                           "
}