{
  "ID_CURVE": 638,
  "DATE_CURVE": "2025-07-09T00:00:00",
  "ID_USER": 23,
  "PMO_MP": 0.00518486420253514,
  "PMS_MP": 0.00168300665490757,
  "PMO_MS": 0.00180953,
  "PMS_MS": 0.0,
  "PMP_ORD": 0.0040597528016900935,
  "PMP_SUB": 0.00168300665490757,
  "PUBLISHED": 1,
  "TYPE_SECTEUR": "BANKING                                           "
}