{
  "ID_CURVE": 656,
  "DATE_CURVE": "2025-07-17T00:00:00",
  "ID_USER": 23,
  "PMO_MP": 0.00513533225414894,
  "PMS_MP": 0.00168300665490757,
  "PMO_MS": 0.0018148,
  "PMS_MS": 0.0,
  "PMP_ORD": 0.004028488169432627,
  "PMP_SUB": 0.00168300665490757,
  "PUBLISHED": 1,
  "TYPE_SECTEUR": "BANKING                                           "
}