{
  "ID_CURVE": 1004,
  "DATE_CURVE": "2025-12-31T00:00:00",
  "ID_USER": 24,
  "PMO_MP": 0.00784595735086294,
  "PMS_MP": 0.00530773007692354,
  "PMO_MS": 0.00508597,
  "PMS_MS": 0.00021688,
  "PMP_ORD": 0.00692596156724196,
  "PMP_SUB": 0.00361078005128236,
  "PUBLISHED": 1,
  "TYPE_SECTEUR": "LEASING                                           "
}