{
  "ID_CURVE": 1000,
  "DATE_CURVE": "2025-12-30T00:00:00",
  "ID_USER": 14,
  "PMO_MP": 0.0078504956904978,
  "PMS_MP": 0.00530773007692354,
  "PMO_MS": 0.00508594,
  "PMS_MS": 0.00021688,
  "PMP_ORD": 0.0069289771269985334,
  "PMP_SUB": 0.00361078005128236,
  "PUBLISHED": 1,
  "TYPE_SECTEUR": "LEASING                                           "
}