{
  "ID_CURVE": 570,
  "DATE_CURVE": "2025-06-05T00:00:00",
  "ID_USER": 23,
  "PMO_MP": 0.00843319205884606,
  "PMS_MP": 0.00565952306933802,
  "PMO_MS": 0.00583849,
  "PMS_MS": 0.00198369,
  "PMP_ORD": 0.00756829137256404,
  "PMP_SUB": 0.00443424537955868,
  "PUBLISHED": 1,
  "TYPE_SECTEUR": "LEASING                                           "
}