{
  "ID_CURVE": 417,
  "DATE_CURVE": "2025-03-21T00:00:00",
  "ID_USER": 23,
  "PMO_MP": 0.00983028000009464,
  "PMS_MP": 0.00565952306933802,
  "PMO_MS": 0.00716202,
  "PMS_MS": 0.00311625,
  "PMP_ORD": 0.008940860000063094,
  "PMP_SUB": 0.00481176537955868,
  "PUBLISHED": 1,
  "TYPE_SECTEUR": "LEASING                                           "
}