{
  "ID_CURVE": 533,
  "DATE_CURVE": "2025-05-20T00:00:00",
  "ID_USER": 23,
  "PMO_MP": 0.00873238827938866,
  "PMS_MP": 0.00565952306933802,
  "PMO_MS": 0.00551541,
  "PMS_MS": 0.00310018,
  "PMP_ORD": 0.007660062186259107,
  "PMP_SUB": 0.0048064087128920135,
  "PUBLISHED": 1,
  "TYPE_SECTEUR": "LEASING                                           "
}