{
  "ID_CURVE": 753,
  "DATE_CURVE": "2025-09-03T00:00:00",
  "ID_USER": 14,
  "PMO_MP": 0.008391008134578836,
  "PMS_MP": 0.00530773007692354,
  "PMO_MS": 0.00607785,
  "PMS_MS": 0.00198363,
  "PMP_ORD": 0.007619955423052558,
  "PMP_SUB": 0.004199696717949027,
  "PUBLISHED": 1,
  "TYPE_SECTEUR": "LEASING                                           "
}