{
  "ID_CURVE": 501,
  "DATE_CURVE": "2025-05-05T00:00:00",
  "ID_USER": 23,
  "PMO_MP": 0.008786162633974748,
  "PMS_MP": 0.00565952306933802,
  "PMO_MS": 0.0053815,
  "PMS_MS": 0.00310389,
  "PMP_ORD": 0.0076512750893164986,
  "PMP_SUB": 0.00480764537955868,
  "PUBLISHED": 1,
  "TYPE_SECTEUR": "LEASING                                           "
}