{
  "ID_CURVE": 509,
  "DATE_CURVE": "2025-05-08T00:00:00",
  "ID_USER": 14,
  "PMO_MP": 0.008824541921915004,
  "PMS_MP": 0.00565952306933802,
  "PMO_MS": 0.00538305,
  "PMS_MS": 0.00310313,
  "PMP_ORD": 0.007677377947943336,
  "PMP_SUB": 0.004807392046225347,
  "PUBLISHED": 1,
  "TYPE_SECTEUR": "LEASING                                           "
}