{
  "ID_CURVE": 858,
  "DATE_CURVE": "2025-10-23T00:00:00",
  "ID_USER": 14,
  "PMO_MP": 0.00528299637741604,
  "PMS_MP": 0.00157288356924915,
  "PMO_MS": 0.00186191,
  "PMS_MS": 0.0,
  "PMP_ORD": 0.004142634251610693,
  "PMP_SUB": 0.00157288356924915,
  "PUBLISHED": 1,
  "TYPE_SECTEUR": "BANKING                                           "
}