{
  "ID_CURVE": 580,
  "DATE_CURVE": "2025-06-11T00:00:00",
  "ID_USER": 23,
  "PMO_MP": 0.0050485101565187,
  "PMS_MP": 0.00168300665490757,
  "PMO_MS": 0.00178733,
  "PMS_MS": 0.0,
  "PMP_ORD": 0.0039614501043458,
  "PMP_SUB": 0.00168300665490757,
  "PUBLISHED": 1,
  "TYPE_SECTEUR": "BANKING                                           "
}