{
  "ID_CURVE": 712,
  "DATE_CURVE": "2025-08-14T00:00:00",
  "ID_USER": 14,
  "PMO_MP": 0.00538474748160718,
  "PMS_MP": 0.00168300665490757,
  "PMO_MS": 0.00183684,
  "PMS_MS": 0.0,
  "PMP_ORD": 0.004202111654404787,
  "PMP_SUB": 0.00168300665490757,
  "PUBLISHED": 1,
  "TYPE_SECTEUR": "BANKING                                           "
}