{
  "ID_CURVE": 583,
  "DATE_CURVE": "2025-06-12T00:00:00",
  "ID_USER": 23,
  "PMO_MP": 0.0051104208164693,
  "PMS_MP": 0.00168300665490757,
  "PMO_MS": 0.00178811,
  "PMS_MS": 0.0,
  "PMP_ORD": 0.0040029838776462,
  "PMP_SUB": 0.00168300665490757,
  "PUBLISHED": 1,
  "TYPE_SECTEUR": "BANKING                                           "
}