{
  "ID_CURVE": 590,
  "DATE_CURVE": "2025-06-16T00:00:00",
  "ID_USER": 23,
  "PMO_MP": 0.00520489301195056,
  "PMS_MP": 0.00168300665490757,
  "PMO_MS": 0.00179112,
  "PMS_MS": 0.0,
  "PMP_ORD": 0.004066968674633706,
  "PMP_SUB": 0.00168300665490757,
  "PUBLISHED": 1,
  "TYPE_SECTEUR": "BANKING                                           "
}