{
  "ID_CURVE": 982,
  "DATE_CURVE": "2025-12-22T00:00:00",
  "ID_USER": 14,
  "PMO_MP": 0.00777118026222112,
  "PMS_MP": 0.00530773007692354,
  "PMO_MS": 0.00508564,
  "PMS_MS": 0.00021688,
  "PMP_ORD": 0.00687600017481408,
  "PMP_SUB": 0.00361078005128236,
  "PUBLISHED": 1,
  "TYPE_SECTEUR": "LEASING                                           "
}