{
  "ID_CURVE": 390,
  "DATE_CURVE": "2025-03-07T00:00:00",
  "ID_USER": 14,
  "PMO_MP": 0.00990600241081406,
  "PMS_MP": 0.00968001441121779,
  "PMO_MS": 0.00716256,
  "PMS_MS": 0.00695115,
  "PMP_ORD": 0.008991521607209374,
  "PMP_SUB": 0.00877039294081186,
  "PUBLISHED": 1,
  "TYPE_SECTEUR": "LEASING                                           "
}