{
  "ID_CURVE": 605,
  "DATE_CURVE": "2025-06-23T00:00:00",
  "ID_USER": 23,
  "PMO_MP": 0.00528207047443736,
  "PMS_MP": 0.00168300665490757,
  "PMO_MS": 0.00179594,
  "PMS_MS": 0.0,
  "PMP_ORD": 0.00412002698295824,
  "PMP_SUB": 0.00168300665490757,
  "PUBLISHED": 1,
  "TYPE_SECTEUR": "BANKING                                           "
}