{
  "ID_CURVE": 670,
  "DATE_CURVE": "2025-07-24T00:00:00",
  "ID_USER": 23,
  "PMO_MP": 0.008301307625667276,
  "PMS_MP": 0.00530773007692354,
  "PMO_MS": 0.00606101,
  "PMS_MS": 0.00198365,
  "PMP_ORD": 0.007554541750444851,
  "PMP_SUB": 0.004199703384615693,
  "PUBLISHED": 1,
  "TYPE_SECTEUR": "LEASING                                           "
}