{
  "ID_CURVE": 680,
  "DATE_CURVE": "2025-07-30T00:00:00",
  "ID_USER": 23,
  "PMO_MP": 0.008284750276775856,
  "PMS_MP": 0.00530773007692354,
  "PMO_MS": 0.00606155,
  "PMS_MS": 0.00198365,
  "PMP_ORD": 0.00754368351785057,
  "PMP_SUB": 0.004199703384615693,
  "PUBLISHED": 1,
  "TYPE_SECTEUR": "LEASING                                           "
}