{
  "ID_CURVE": 890,
  "DATE_CURVE": "2025-11-07T00:00:00",
  "ID_USER": 24,
  "PMO_MP": 0.010011351210347255,
  "PMS_MP": 0.0,
  "PMO_MS": 0.0,
  "PMS_MS": 0.0,
  "PMP_ORD": 0.010011351210347255,
  "PMP_SUB": 0.0,
  "PUBLISHED": 1,
  "TYPE_SECTEUR": "MICROFINANCE                                      "
}