{
  "ID_CURVE": 563,
  "DATE_CURVE": "2025-06-02T00:00:00",
  "ID_USER": 23,
  "PMO_MP": 0.00526418501955448,
  "PMS_MP": 0.00245818527658664,
  "PMO_MS": 0.0017796,
  "PMS_MS": 0.0,
  "PMP_ORD": 0.004102656679702986,
  "PMP_SUB": 0.00245818527658664,
  "PUBLISHED": 1,
  "TYPE_SECTEUR": "BANKING                                           "
}