{
  "ID_CURVE": 258,
  "DATE_CURVE": "2025-01-07T00:00:00",
  "ID_USER": 23,
  "PMO_MP": 0.010099558148737031,
  "PMS_MP": 0.00968001441121779,
  "PMO_MS": 0.00724746,
  "PMS_MS": 0.00695209,
  "PMP_ORD": 0.009148858765824688,
  "PMP_SUB": 0.008770706274145194,
  "PUBLISHED": 1,
  "TYPE_SECTEUR": "LEASING                                           "
}