{
  "ID_CURVE": 559,
  "DATE_CURVE": "2025-05-30T00:00:00",
  "ID_USER": 23,
  "PMO_MP": 0.00522620533022154,
  "PMS_MP": 0.00245818527658664,
  "PMO_MS": 0.00177672,
  "PMS_MS": 0.0,
  "PMP_ORD": 0.00407637688681436,
  "PMP_SUB": 0.00245818527658664,
  "PUBLISHED": 1,
  "TYPE_SECTEUR": "BANKING                                           "
}