{
  "ID_CURVE": 617,
  "DATE_CURVE": "2025-06-30T00:00:00",
  "ID_USER": 23,
  "PMO_MP": 0.008328120507614495,
  "PMS_MP": 0.00565952306933802,
  "PMO_MS": 0.00606903,
  "PMS_MS": 0.00198367,
  "PMP_ORD": 0.007575090338409664,
  "PMP_SUB": 0.004434238712892014,
  "PUBLISHED": 1,
  "TYPE_SECTEUR": "LEASING                                           "
}