{
  "ID_CURVE": 276,
  "DATE_CURVE": "2025-01-15T00:00:00",
  "ID_USER": 23,
  "PMO_MP": 0.009995606886308616,
  "PMS_MP": 0.00968001441121779,
  "PMO_MS": 0.00716245,
  "PMS_MS": 0.00695195,
  "PMP_ORD": 0.009051221257539077,
  "PMP_SUB": 0.008770659607478526,
  "PUBLISHED": 1,
  "TYPE_SECTEUR": "LEASING                                           "
}