{
  "ID_CURVE": 659,
  "DATE_CURVE": "2025-07-18T00:00:00",
  "ID_USER": 23,
  "PMO_MP": 0.00508165027177948,
  "PMS_MP": 0.00168300665490757,
  "PMO_MS": 0.00181541,
  "PMS_MS": 0.0,
  "PMP_ORD": 0.003992903514519653,
  "PMP_SUB": 0.00168300665490757,
  "PUBLISHED": 1,
  "TYPE_SECTEUR": "BANKING                                           "
}