{
  "ID_CURVE": 521,
  "DATE_CURVE": "2025-05-14T00:00:00",
  "ID_USER": 14,
  "PMO_MP": 0.008797585078568409,
  "PMS_MP": 0.00565952306933802,
  "PMO_MS": 0.00551577,
  "PMS_MS": 0.00310164,
  "PMP_ORD": 0.007703646719045605,
  "PMP_SUB": 0.00480689537955868,
  "PUBLISHED": 1,
  "TYPE_SECTEUR": "LEASING                                           "
}