{
  "ID_CURVE": 607,
  "DATE_CURVE": "2025-06-24T00:00:00",
  "ID_USER": 23,
  "PMO_MP": 0.008345857809109136,
  "PMS_MP": 0.00565952306933802,
  "PMO_MS": 0.00605037,
  "PMS_MS": 0.00198367,
  "PMP_ORD": 0.007580695206072757,
  "PMP_SUB": 0.004434238712892014,
  "PUBLISHED": 1,
  "TYPE_SECTEUR": "LEASING                                           "
}