{
  "ID_CURVE": 857,
  "DATE_CURVE": "2025-10-23T00:00:00",
  "ID_USER": 14,
  "PMO_MP": 0.0076644652873678,
  "PMS_MP": 0.00530773007692354,
  "PMO_MS": 0.00508277,
  "PMS_MS": 0.00198361,
  "PMP_ORD": 0.006803900191578533,
  "PMP_SUB": 0.00419969005128236,
  "PUBLISHED": 1,
  "TYPE_SECTEUR": "LEASING                                           "
}