{
  "ID_CURVE": 751,
  "DATE_CURVE": "2025-09-02T00:00:00",
  "ID_USER": 14,
  "PMO_MP": 0.0053634862024684,
  "PMS_MP": 0.00168300665490757,
  "PMO_MS": 0.00184359,
  "PMS_MS": 0.0,
  "PMP_ORD": 0.004190187468312266,
  "PMP_SUB": 0.00168300665490757,
  "PUBLISHED": 1,
  "TYPE_SECTEUR": "BANKING                                           "
}