{
  "ID_CURVE": 940,
  "DATE_CURVE": "2025-12-01T00:00:00",
  "ID_USER": 14,
  "PMO_MP": 0.00534617526433342,
  "PMS_MP": 0.00080177780326673,
  "PMO_MS": 0.00186928,
  "PMS_MS": 0.0,
  "PMP_ORD": 0.00418721017622228,
  "PMP_SUB": 0.00080177780326673,
  "PUBLISHED": 1,
  "TYPE_SECTEUR": "BANKING                                           "
}