{
  "ID_CURVE": 589,
  "DATE_CURVE": "2025-06-16T00:00:00",
  "ID_USER": 23,
  "PMO_MP": 0.008378956823181136,
  "PMS_MP": 0.00565952306933802,
  "PMO_MS": 0.00591417,
  "PMS_MS": 0.00198368,
  "PMP_ORD": 0.007557361215454091,
  "PMP_SUB": 0.004434242046225347,
  "PUBLISHED": 1,
  "TYPE_SECTEUR": "LEASING                                           "
}