{
  "ID_CURVE": 744,
  "DATE_CURVE": "2025-08-29T00:00:00",
  "ID_USER": 23,
  "PMO_MP": 0.008390641978669755,
  "PMS_MP": 0.00530773007692354,
  "PMO_MS": 0.00607956,
  "PMS_MS": 0.00198363,
  "PMP_ORD": 0.00762028131911317,
  "PMP_SUB": 0.004199696717949027,
  "PUBLISHED": 1,
  "TYPE_SECTEUR": "LEASING                                           "
}