{
  "ID_CURVE": 690,
  "DATE_CURVE": "2025-08-04T00:00:00",
  "ID_USER": 23,
  "PMO_MP": 0.00525675979045722,
  "PMS_MP": 0.00168300665490757,
  "PMO_MS": 0.00183259,
  "PMS_MS": 0.0,
  "PMP_ORD": 0.004115369860304813,
  "PMP_SUB": 0.00168300665490757,
  "PUBLISHED": 1,
  "TYPE_SECTEUR": "BANKING                                           "
}