{
  "ID_CURVE": 249,
  "DATE_CURVE": "2025-01-02T00:00:00",
  "ID_USER": 17,
  "PMO_MP": 0.010037464330336691,
  "PMS_MP": 0.00968001441121779,
  "PMO_MS": 0.00713655,
  "PMS_MS": 0.00695218,
  "PMP_ORD": 0.009070492886891128,
  "PMP_SUB": 0.008770736274145194,
  "PUBLISHED": 1,
  "TYPE_SECTEUR": "LEASING                                           "
}