{
  "ID_CURVE": 629,
  "DATE_CURVE": "2025-07-04T00:00:00",
  "ID_USER": 14,
  "PMO_MP": 0.00516021445804986,
  "PMS_MP": 0.00168300665490757,
  "PMO_MS": 0.00180587,
  "PMS_MS": 0.0,
  "PMP_ORD": 0.004042099638699907,
  "PMP_SUB": 0.00168300665490757,
  "PUBLISHED": 1,
  "TYPE_SECTEUR": "BANKING                                           "
}