{
  "ID_CURVE": 534,
  "DATE_CURVE": "2025-05-20T00:00:00",
  "ID_USER": 23,
  "PMO_MP": 0.00528443538330234,
  "PMS_MP": 0.00268914403851475,
  "PMO_MS": 0.00176581,
  "PMS_MS": 0.0,
  "PMP_ORD": 0.004111560255534893,
  "PMP_SUB": 0.00268914403851475,
  "PUBLISHED": 1,
  "TYPE_SECTEUR": "BANKING                                           "
}