{
  "ID_CURVE": 351,
  "DATE_CURVE": "2025-02-18T00:00:00",
  "ID_USER": 23,
  "PMO_MP": 0.010016950427269373,
  "PMS_MP": 0.00968001441121779,
  "PMO_MS": 0.00716256,
  "PMS_MS": 0.0069514,
  "PMP_ORD": 0.009065486951512915,
  "PMP_SUB": 0.008770476274145194,
  "PUBLISHED": 1,
  "TYPE_SECTEUR": "LEASING                                           "
}