{
  "ID_CURVE": 939,
  "DATE_CURVE": "2025-12-01T00:00:00",
  "ID_USER": 14,
  "PMO_MP": 0.00754031373724846,
  "PMS_MP": 0.00530773007692354,
  "PMO_MS": 0.00508478,
  "PMS_MS": 0.00198359,
  "PMP_ORD": 0.006721802491498973,
  "PMP_SUB": 0.0041996833846156935,
  "PUBLISHED": 1,
  "TYPE_SECTEUR": "LEASING                                           "
}