{
  "ID_CURVE": 826,
  "DATE_CURVE": "2025-10-07T00:00:00",
  "ID_USER": 14,
  "PMO_MP": 0.010380128136850544,
  "PMS_MP": 0.0,
  "PMO_MS": 0.0,
  "PMS_MS": 0.0,
  "PMP_ORD": 0.010380128136850544,
  "PMP_SUB": 0.0,
  "PUBLISHED": 1,
  "TYPE_SECTEUR": "MICROFINANCE                                      "
}