{
  "ID_CURVE": 668,
  "DATE_CURVE": "2025-07-23T00:00:00",
  "ID_USER": 23,
  "PMO_MP": 0.0049818665138257,
  "PMS_MP": 0.00168300665490757,
  "PMO_MS": 0.00181834,
  "PMS_MS": 0.0,
  "PMP_ORD": 0.0039273576758838,
  "PMP_SUB": 0.00168300665490757,
  "PUBLISHED": 1,
  "TYPE_SECTEUR": "BANKING                                           "
}