{
  "ID_CURVE": 675,
  "DATE_CURVE": "2025-07-28T00:00:00",
  "ID_USER": 23,
  "PMO_MP": 0.00498947763025598,
  "PMS_MP": 0.00168300665490757,
  "PMO_MS": 0.00182106,
  "PMS_MS": 0.0,
  "PMP_ORD": 0.003933338420170653,
  "PMP_SUB": 0.00168300665490757,
  "PUBLISHED": 1,
  "TYPE_SECTEUR": "BANKING                                           "
}