{
  "ID_CURVE": 736,
  "DATE_CURVE": "2025-08-26T00:00:00",
  "ID_USER": 23,
  "PMO_MP": 0.00536984703456666,
  "PMS_MP": 0.00168300665490757,
  "PMO_MS": 0.00184128,
  "PMS_MS": 0.0,
  "PMP_ORD": 0.00419365802304444,
  "PMP_SUB": 0.00168300665490757,
  "PUBLISHED": 1,
  "TYPE_SECTEUR": "BANKING                                           "
}