{
  "ID_CURVE": 598,
  "DATE_CURVE": "2025-06-19T00:00:00",
  "ID_USER": 23,
  "PMO_MP": 0.008376888980018976,
  "PMS_MP": 0.00565952306933802,
  "PMO_MS": 0.00618121,
  "PMS_MS": 0.00198368,
  "PMP_ORD": 0.007644995986679317,
  "PMP_SUB": 0.004434242046225347,
  "PUBLISHED": 1,
  "TYPE_SECTEUR": "LEASING                                           "
}