{
  "ID_CURVE": 734,
  "DATE_CURVE": "2025-08-25T00:00:00",
  "ID_USER": 23,
  "PMO_MP": 0.00537626005594016,
  "PMS_MP": 0.00168300665490757,
  "PMO_MS": 0.00184093,
  "PMS_MS": 0.0,
  "PMP_ORD": 0.004197816703960106,
  "PMP_SUB": 0.00168300665490757,
  "PUBLISHED": 1,
  "TYPE_SECTEUR": "BANKING                                           "
}