{
  "ID_CURVE": 993,
  "DATE_CURVE": "2025-12-25T00:00:00",
  "ID_USER": 14,
  "PMO_MP": 0.009925548375005163,
  "PMS_MP": 0.0,
  "PMO_MS": 0.0,
  "PMS_MS": 0.0,
  "PMP_ORD": 0.009925548375005163,
  "PMP_SUB": 0.0,
  "PUBLISHED": 1,
  "TYPE_SECTEUR": "MICROFINANCE                                      "
}