{
  "ID_CURVE": 479,
  "DATE_CURVE": "2025-04-23T00:00:00",
  "ID_USER": 23,
  "PMO_MP": 0.009553405823135028,
  "PMS_MP": 0.00565952306933802,
  "PMO_MS": 0.00713161,
  "PMS_MS": 0.003107,
  "PMP_ORD": 0.008746140548756685,
  "PMP_SUB": 0.004808682046225346,
  "PUBLISHED": 1,
  "TYPE_SECTEUR": "LEASING                                           "
}