{
  "ID_CURVE": 459,
  "DATE_CURVE": "2025-04-15T00:00:00",
  "ID_USER": 23,
  "PMO_MP": 0.009490024025656548,
  "PMS_MP": 0.00565952306933802,
  "PMO_MS": 0.00713159,
  "PMS_MS": 0.00310914,
  "PMP_ORD": 0.008703879350437699,
  "PMP_SUB": 0.00480939537955868,
  "PUBLISHED": 1,
  "TYPE_SECTEUR": "LEASING                                           "
}