{
  "ID_CURVE": 650,
  "DATE_CURVE": "2025-07-15T00:00:00",
  "ID_USER": 23,
  "PMO_MP": 0.00515909850269536,
  "PMS_MP": 0.00168300665490757,
  "PMO_MS": 0.00181354,
  "PMS_MS": 0.0,
  "PMP_ORD": 0.00404391233513024,
  "PMP_SUB": 0.00168300665490757,
  "PUBLISHED": 1,
  "TYPE_SECTEUR": "BANKING                                           "
}