{
  "ID_CURVE": 492,
  "DATE_CURVE": "2025-04-29T00:00:00",
  "ID_USER": 14,
  "PMO_MP": 0.00500459424625142,
  "PMS_MP": 0.00358265946265963,
  "PMO_MS": 0.00172913,
  "PMS_MS": 0.00317795,
  "PMP_ORD": 0.00391277283083428,
  "PMP_SUB": 0.0034477563084397535,
  "PUBLISHED": 1,
  "TYPE_SECTEUR": "BANKING                                           "
}