{
  "ID_CURVE": 801,
  "DATE_CURVE": "2025-09-26T00:00:00",
  "ID_USER": 14,
  "PMO_MP": 0.008006771505578408,
  "PMS_MP": 0.00530773007692354,
  "PMO_MS": 0.00547715,
  "PMS_MS": 0.00198362,
  "PMP_ORD": 0.007163564337052272,
  "PMP_SUB": 0.0041996933846156935,
  "PUBLISHED": 1,
  "TYPE_SECTEUR": "LEASING                                           "
}