{
  "ID_CURVE": 989,
  "DATE_CURVE": "2025-12-24T00:00:00",
  "ID_USER": 14,
  "PMO_MP": 0.00538282294145268,
  "PMS_MP": 0.00080177780326673,
  "PMO_MS": 0.00187359,
  "PMS_MS": 0.0,
  "PMP_ORD": 0.00421307862763512,
  "PMP_SUB": 0.00080177780326673,
  "PUBLISHED": 1,
  "TYPE_SECTEUR": "BANKING                                           "
}