{
  "ID_CURVE": 546,
  "DATE_CURVE": "2025-05-26T00:00:00",
  "ID_USER": 23,
  "PMO_MP": 0.00870162066837732,
  "PMS_MP": 0.00565952306933802,
  "PMO_MS": 0.00551509,
  "PMS_MS": 0.00198369,
  "PMP_ORD": 0.007639443778918213,
  "PMP_SUB": 0.00443424537955868,
  "PUBLISHED": 1,
  "TYPE_SECTEUR": "LEASING                                           "
}