{
  "ID_CURVE": 866,
  "DATE_CURVE": "2025-10-28T00:00:00",
  "ID_USER": 14,
  "PMO_MP": 0.00767419561600074,
  "PMS_MP": 0.00530773007692354,
  "PMO_MS": 0.00508306,
  "PMS_MS": 0.0019836,
  "PMP_ORD": 0.006810483744000493,
  "PMP_SUB": 0.004199686717949027,
  "PUBLISHED": 1,
  "TYPE_SECTEUR": "LEASING                                           "
}