{
  "ID_CURVE": 588,
  "DATE_CURVE": "2025-06-13T00:00:00",
  "ID_USER": 23,
  "PMO_MP": 0.01063243990189724,
  "PMS_MP": 0.0,
  "PMO_MS": 0.0,
  "PMS_MS": 0.0,
  "PMP_ORD": 0.01063243990189724,
  "PMP_SUB": 0.0,
  "PUBLISHED": 1,
  "TYPE_SECTEUR": "MICROFINANCE                                      "
}