{
  "ID_CURVE": 298,
  "DATE_CURVE": "2025-01-23T00:00:00",
  "ID_USER": 14,
  "PMO_MP": 0.009828029557442577,
  "PMS_MP": 0.00968001441121779,
  "PMO_MS": 0.00716246,
  "PMS_MS": 0.00695181,
  "PMP_ORD": 0.008939506371628384,
  "PMP_SUB": 0.00877061294081186,
  "PUBLISHED": 1,
  "TYPE_SECTEUR": "LEASING                                           "
}