{
  "ID_CURVE": 912,
  "DATE_CURVE": "2025-11-18T00:00:00",
  "ID_USER": 14,
  "PMO_MP": 0.0051179288059571,
  "PMS_MP": 0.00080177780326673,
  "PMO_MS": 0.00186618,
  "PMS_MS": 0.0,
  "PMP_ORD": 0.004034012537304734,
  "PMP_SUB": 0.00080177780326673,
  "PUBLISHED": 1,
  "TYPE_SECTEUR": "BANKING                                           "
}