{
  "ID_CURVE": 974,
  "DATE_CURVE": "2025-12-16T00:00:00",
  "ID_USER": 24,
  "PMO_MP": 0.00775285400890714,
  "PMS_MP": 0.00530773007692354,
  "PMO_MS": 0.00508541,
  "PMS_MS": 0.00021688,
  "PMP_ORD": 0.006863706005938094,
  "PMP_SUB": 0.00361078005128236,
  "PUBLISHED": 1,
  "TYPE_SECTEUR": "LEASING                                           "
}