{
  "ID_CURVE": 964,
  "DATE_CURVE": "2025-12-11T00:00:00",
  "ID_USER": 14,
  "PMO_MP": 0.00550746886480716,
  "PMS_MP": 0.00080177780326673,
  "PMO_MS": 0.00187126,
  "PMS_MS": 0.0,
  "PMP_ORD": 0.004295399243204773,
  "PMP_SUB": 0.00080177780326673,
  "PUBLISHED": 1,
  "TYPE_SECTEUR": "BANKING                                           "
}