{
  "ID_CURVE": 766,
  "DATE_CURVE": "2025-09-10T00:00:00",
  "ID_USER": 14,
  "PMO_MP": 0.00521868783603004,
  "PMS_MP": 0.00157288356924915,
  "PMO_MS": 0.00184602,
  "PMS_MS": 0.0,
  "PMP_ORD": 0.004094465224020027,
  "PMP_SUB": 0.00157288356924915,
  "PUBLISHED": 1,
  "TYPE_SECTEUR": "BANKING                                           "
}