{
  "ID_CURVE": 906,
  "DATE_CURVE": "2025-11-14T00:00:00",
  "ID_USER": 14,
  "PMO_MP": 0.00500334961880542,
  "PMS_MP": 0.00112378703143689,
  "PMO_MS": 0.00186558,
  "PMS_MS": 0.0,
  "PMP_ORD": 0.0039574264125369464,
  "PMP_SUB": 0.00112378703143689,
  "PUBLISHED": 1,
  "TYPE_SECTEUR": "BANKING                                           "
}