{
  "ID_CURVE": 286,
  "DATE_CURVE": "2025-01-20T00:00:00",
  "ID_USER": 23,
  "PMO_MP": 0.00981833490908272,
  "PMS_MP": 0.00968001441121779,
  "PMO_MS": 0.00716246,
  "PMS_MS": 0.00695186,
  "PMP_ORD": 0.008933043272721814,
  "PMP_SUB": 0.008770629607478526,
  "PUBLISHED": 1,
  "TYPE_SECTEUR": "LEASING                                           "
}