{
  "ID_CURVE": 686,
  "DATE_CURVE": "2025-08-01T00:00:00",
  "ID_USER": 23,
  "PMO_MP": 0.008265766797202296,
  "PMS_MP": 0.00530773007692354,
  "PMO_MS": 0.00606193,
  "PMS_MS": 0.00198365,
  "PMP_ORD": 0.0075311545314681975,
  "PMP_SUB": 0.004199703384615693,
  "PUBLISHED": 1,
  "TYPE_SECTEUR": "LEASING                                           "
}