{
  "ID_CURVE": 985,
  "DATE_CURVE": "2025-12-23T00:00:00",
  "ID_USER": 14,
  "PMO_MP": 0.00777118026222112,
  "PMS_MP": 0.00530773007692354,
  "PMO_MS": 0.00508568,
  "PMS_MS": 0.00021688,
  "PMP_ORD": 0.006876013508147413,
  "PMP_SUB": 0.00361078005128236,
  "PUBLISHED": 1,
  "TYPE_SECTEUR": "LEASING                                           "
}