{
  "ID_CURVE": 864,
  "DATE_CURVE": "2025-10-27T00:00:00",
  "ID_USER": 14,
  "PMO_MP": 0.00524899142375974,
  "PMS_MP": 0.00157288356924915,
  "PMO_MS": 0.00186263,
  "PMS_MS": 0.0,
  "PMP_ORD": 0.004120204282506494,
  "PMP_SUB": 0.00157288356924915,
  "PUBLISHED": 1,
  "TYPE_SECTEUR": "BANKING                                           "
}