{
  "ID_CURVE": 524,
  "DATE_CURVE": "2025-05-15T00:00:00",
  "ID_USER": 14,
  "PMO_MP": 0.008806628026687748,
  "PMS_MP": 0.00565952306933802,
  "PMO_MS": 0.0055157,
  "PMS_MS": 0.00310139,
  "PMP_ORD": 0.007709652017791832,
  "PMP_SUB": 0.004806812046225347,
  "PUBLISHED": 1,
  "TYPE_SECTEUR": "LEASING                                           "
}