{
  "ID_CURVE": 695,
  "DATE_CURVE": "2025-08-06T00:00:00",
  "ID_USER": 23,
  "PMO_MP": 0.008282419604422896,
  "PMS_MP": 0.00530773007692354,
  "PMO_MS": 0.0060623,
  "PMS_MS": 0.00198365,
  "PMP_ORD": 0.0075423797362819305,
  "PMP_SUB": 0.004199703384615693,
  "PUBLISHED": 1,
  "TYPE_SECTEUR": "LEASING                                           "
}