{
  "ID_CURVE": 289,
  "DATE_CURVE": "2025-01-21T00:00:00",
  "ID_USER": 23,
  "PMO_MP": 0.009825587949666457,
  "PMS_MP": 0.00968001441121779,
  "PMO_MS": 0.00716246,
  "PMS_MS": 0.00695185,
  "PMP_ORD": 0.008937878633110971,
  "PMP_SUB": 0.008770626274145193,
  "PUBLISHED": 1,
  "TYPE_SECTEUR": "LEASING                                           "
}