{
  "ID_CURVE": 381,
  "DATE_CURVE": "2025-03-04T00:00:00",
  "ID_USER": 23,
  "PMO_MP": 0.0099073426438205,
  "PMS_MP": 0.00968001441121779,
  "PMO_MS": 0.00716256,
  "PMS_MS": 0.00695119,
  "PMP_ORD": 0.008992415095880333,
  "PMP_SUB": 0.008770406274145194,
  "PUBLISHED": 1,
  "TYPE_SECTEUR": "LEASING                                           "
}