{
  "ID_CURVE": 275,
  "DATE_CURVE": "2025-01-14T00:00:00",
  "ID_USER": 14,
  "PMO_MP": 0.01196132582484538,
  "PMS_MP": 0.0,
  "PMO_MS": 0.0,
  "PMS_MS": 0.0,
  "PMP_ORD": 0.01196132582484538,
  "PMP_SUB": 0.0,
  "PUBLISHED": 1,
  "TYPE_SECTEUR": "MICROFINANCE                                      "
}