{
  "ID_CURVE": 571,
  "DATE_CURVE": "2025-06-05T00:00:00",
  "ID_USER": 23,
  "PMO_MP": 0.00526459584293826,
  "PMS_MP": 0.00245818527658664,
  "PMO_MS": 0.00178231,
  "PMS_MS": 0.0,
  "PMP_ORD": 0.004103833895292173,
  "PMP_SUB": 0.00245818527658664,
  "PUBLISHED": 1,
  "TYPE_SECTEUR": "BANKING                                           "
}