{
  "ID_CURVE": 709,
  "DATE_CURVE": "2025-08-12T00:00:00",
  "ID_USER": 14,
  "PMO_MP": 0.00537491243035412,
  "PMS_MP": 0.00168300665490757,
  "PMO_MS": 0.00183603,
  "PMS_MS": 0.0,
  "PMP_ORD": 0.004195284953569413,
  "PMP_SUB": 0.00168300665490757,
  "PUBLISHED": 1,
  "TYPE_SECTEUR": "BANKING                                           "
}