{
  "ID_CURVE": 836,
  "DATE_CURVE": "2025-10-13T00:00:00",
  "ID_USER": 14,
  "PMO_MP": 0.008005670575043549,
  "PMS_MP": 0.00530773007692354,
  "PMO_MS": 0.00547805,
  "PMS_MS": 0.00198361,
  "PMP_ORD": 0.0071631303833623655,
  "PMP_SUB": 0.00419969005128236,
  "PUBLISHED": 1,
  "TYPE_SECTEUR": "LEASING                                           "
}