{
  "ID_CURVE": 306,
  "DATE_CURVE": "2025-01-28T00:00:00",
  "ID_USER": 23,
  "PMO_MP": 0.009851505065452192,
  "PMS_MP": 0.00968001441121779,
  "PMO_MS": 0.00716254,
  "PMS_MS": 0.00695173,
  "PMP_ORD": 0.008955183376968129,
  "PMP_SUB": 0.008770586274145193,
  "PUBLISHED": 1,
  "TYPE_SECTEUR": "LEASING                                           "
}