{
  "ID_CURVE": 444,
  "DATE_CURVE": "2025-04-07T00:00:00",
  "ID_USER": 23,
  "PMO_MP": 0.009488993780697928,
  "PMS_MP": 0.00565952306933802,
  "PMO_MS": 0.00713147,
  "PMS_MS": 0.00311135,
  "PMP_ORD": 0.008703152520465286,
  "PMP_SUB": 0.004810132046225346,
  "PUBLISHED": 1,
  "TYPE_SECTEUR": "LEASING                                           "
}