{
  "ID_CURVE": 772,
  "DATE_CURVE": "2025-09-12T00:00:00",
  "ID_USER": 14,
  "PMO_MP": 0.00514911897901266,
  "PMS_MP": 0.00157288356924915,
  "PMO_MS": 0.00184659,
  "PMS_MS": 0.0,
  "PMP_ORD": 0.00404827598600844,
  "PMP_SUB": 0.00157288356924915,
  "PUBLISHED": 1,
  "TYPE_SECTEUR": "BANKING                                           "
}