{
  "ID_CURVE": 870,
  "DATE_CURVE": "2025-10-29T00:00:00",
  "ID_USER": 14,
  "PMO_MP": 0.00506710113497936,
  "PMS_MP": 0.00157288356924915,
  "PMO_MS": 0.00186298,
  "PMS_MS": 0.0,
  "PMP_ORD": 0.003999060756652907,
  "PMP_SUB": 0.00157288356924915,
  "PUBLISHED": 1,
  "TYPE_SECTEUR": "BANKING                                           "
}