{
  "ID_CURVE": 790,
  "DATE_CURVE": "2025-09-19T00:00:00",
  "ID_USER": 14,
  "PMO_MP": 0.00525983000421132,
  "PMS_MP": 0.00157288356924915,
  "PMO_MS": 0.00185459,
  "PMS_MS": 0.0,
  "PMP_ORD": 0.004124750002807547,
  "PMP_SUB": 0.00157288356924915,
  "PUBLISHED": 1,
  "TYPE_SECTEUR": "BANKING                                           "
}