{
  "ID_CURVE": 991,
  "DATE_CURVE": "2025-12-25T00:00:00",
  "ID_USER": 14,
  "PMO_MP": 0.00779835039663062,
  "PMS_MP": 0.00530773007692354,
  "PMO_MS": 0.00508575,
  "PMS_MS": 0.00021688,
  "PMP_ORD": 0.0068941502644204134,
  "PMP_SUB": 0.00361078005128236,
  "PUBLISHED": 1,
  "TYPE_SECTEUR": "LEASING                                           "
}