{
  "ID_CURVE": 684,
  "DATE_CURVE": "2025-07-31T00:00:00",
  "ID_USER": 23,
  "PMO_MP": 0.0051650618449651,
  "PMS_MP": 0.00168300665490757,
  "PMO_MS": 0.0018226,
  "PMS_MS": 0.0,
  "PMP_ORD": 0.0040509078966434,
  "PMP_SUB": 0.00168300665490757,
  "PUBLISHED": 1,
  "TYPE_SECTEUR": "BANKING                                           "
}