{
  "ID_CURVE": 472,
  "DATE_CURVE": "2025-04-21T00:00:00",
  "ID_USER": 23,
  "PMO_MP": 0.009550385457866248,
  "PMS_MP": 0.00565952306933802,
  "PMO_MS": 0.0071316,
  "PMS_MS": 0.00310753,
  "PMP_ORD": 0.0087441236385775,
  "PMP_SUB": 0.004808858712892014,
  "PUBLISHED": 1,
  "TYPE_SECTEUR": "LEASING                                           "
}