{
  "ID_CURVE": 599,
  "DATE_CURVE": "2025-06-19T00:00:00",
  "ID_USER": 23,
  "PMO_MP": 0.00519711464653522,
  "PMS_MP": 0.00168300665490757,
  "PMO_MS": 0.00179325,
  "PMS_MS": 0.0,
  "PMP_ORD": 0.004062493097690146,
  "PMP_SUB": 0.00168300665490757,
  "PUBLISHED": 1,
  "TYPE_SECTEUR": "BANKING                                           "
}