{
  "ID_CURVE": 937,
  "DATE_CURVE": "2025-11-28T00:00:00",
  "ID_USER": 24,
  "PMO_MP": 0.00764183443291146,
  "PMS_MP": 0.00530773007692354,
  "PMO_MS": 0.00508465,
  "PMS_MS": 0.00198359,
  "PMP_ORD": 0.006789439621940973,
  "PMP_SUB": 0.0041996833846156935,
  "PUBLISHED": 1,
  "TYPE_SECTEUR": "LEASING                                           "
}