{
  "ID_CURVE": 540,
  "DATE_CURVE": "2025-05-22T00:00:00",
  "ID_USER": 23,
  "PMO_MP": 0.00523887631595282,
  "PMS_MP": 0.00268914403851475,
  "PMO_MS": 0.00176817,
  "PMS_MS": 0.0,
  "PMP_ORD": 0.004081974210635214,
  "PMP_SUB": 0.00268914403851475,
  "PUBLISHED": 1,
  "TYPE_SECTEUR": "BANKING                                           "
}