{
  "ID_CURVE": 595,
  "DATE_CURVE": "2025-06-18T00:00:00",
  "ID_USER": 23,
  "PMO_MP": 0.008379202795176356,
  "PMS_MP": 0.00565952306933802,
  "PMO_MS": 0.00618035,
  "PMS_MS": 0.00198368,
  "PMP_ORD": 0.007646251863450904,
  "PMP_SUB": 0.004434242046225347,
  "PUBLISHED": 1,
  "TYPE_SECTEUR": "LEASING                                           "
}