{
  "ID_CURVE": 952,
  "DATE_CURVE": "2025-12-05T00:00:00",
  "ID_USER": 14,
  "PMO_MP": 0.0053682617962275,
  "PMS_MP": 0.00080177780326673,
  "PMO_MS": 0.00187009,
  "PMS_MS": 0.0,
  "PMP_ORD": 0.004202204530818333,
  "PMP_SUB": 0.00080177780326673,
  "PUBLISHED": 1,
  "TYPE_SECTEUR": "BANKING                                           "
}