{
  "ID_CURVE": 513,
  "DATE_CURVE": "2025-05-09T00:00:00",
  "ID_USER": 23,
  "PMO_MP": 0.00535107612935782,
  "PMS_MP": 0.00358265946265963,
  "PMO_MS": 0.00176434,
  "PMS_MS": 0.00317795,
  "PMP_ORD": 0.00415549741957188,
  "PMP_SUB": 0.0034477563084397535,
  "PUBLISHED": 1,
  "TYPE_SECTEUR": "BANKING                                           "
}