{
  "ID_CURVE": 302,
  "DATE_CURVE": "2025-01-24T00:00:00",
  "ID_USER": 17,
  "PMO_MP": 0.0145514904418465,
  "PMS_MP": 0.00358265946265963,
  "PMO_MS": 0.0,
  "PMS_MS": 0.0030204,
  "PMP_ORD": 0.0145514904418465,
  "PMP_SUB": 0.0033952396417730865,
  "PUBLISHED": 1,
  "TYPE_SECTEUR": "BANKING                                           "
}