{
  "ID_CURVE": 861,
  "DATE_CURVE": "2025-10-24T00:00:00",
  "ID_USER": 14,
  "PMO_MP": 0.00529657592095414,
  "PMS_MP": 0.00157288356924915,
  "PMO_MS": 0.00186209,
  "PMS_MS": 0.0,
  "PMP_ORD": 0.004151747280636093,
  "PMP_SUB": 0.00157288356924915,
  "PUBLISHED": 1,
  "TYPE_SECTEUR": "BANKING                                           "
}