{
  "ID_CURVE": 718,
  "DATE_CURVE": "2025-08-18T00:00:00",
  "ID_USER": 23,
  "PMO_MP": 0.0054986755943392,
  "PMS_MP": 0.00168300665490757,
  "PMO_MS": 0.00183839,
  "PMS_MS": 0.0,
  "PMP_ORD": 0.004278580396226133,
  "PMP_SUB": 0.00168300665490757,
  "PUBLISHED": 1,
  "TYPE_SECTEUR": "BANKING                                           "
}