{
  "ID_CURVE": 527,
  "DATE_CURVE": "2025-05-16T00:00:00",
  "ID_USER": 23,
  "PMO_MP": 0.00876638127510708,
  "PMS_MP": 0.00565952306933802,
  "PMO_MS": 0.00551564,
  "PMS_MS": 0.00310115,
  "PMP_ORD": 0.007682800850071387,
  "PMP_SUB": 0.004806732046225347,
  "PUBLISHED": 1,
  "TYPE_SECTEUR": "LEASING                                           "
}