{
  "ID_CURVE": 926,
  "DATE_CURVE": "2025-11-25T00:00:00",
  "ID_USER": 14,
  "PMO_MP": 0.00762147516295854,
  "PMS_MP": 0.00530773007692354,
  "PMO_MS": 0.00508451,
  "PMS_MS": 0.00198359,
  "PMP_ORD": 0.006775820108639027,
  "PMP_SUB": 0.0041996833846156935,
  "PUBLISHED": 1,
  "TYPE_SECTEUR": "LEASING                                           "
}