{
  "ID_CURVE": 518,
  "DATE_CURVE": "2025-05-13T00:00:00",
  "ID_USER": 14,
  "PMO_MP": 0.008821544037519108,
  "PMS_MP": 0.00565952306933802,
  "PMO_MS": 0.00551583,
  "PMS_MS": 0.00310189,
  "PMP_ORD": 0.007719639358346072,
  "PMP_SUB": 0.004806978712892014,
  "PUBLISHED": 1,
  "TYPE_SECTEUR": "LEASING                                           "
}