{
  "ID_CURVE": 575,
  "DATE_CURVE": "2025-06-09T00:00:00",
  "ID_USER": 14,
  "PMO_MP": 0.010559188016216777,
  "PMS_MP": 0.0,
  "PMO_MS": 0.0,
  "PMS_MS": 0.0,
  "PMP_ORD": 0.010559188016216777,
  "PMP_SUB": 0.0,
  "PUBLISHED": 1,
  "TYPE_SECTEUR": "MICROFINANCE                                      "
}