{
  "ID_CURVE": 491,
  "DATE_CURVE": "2025-04-29T00:00:00",
  "ID_USER": 14,
  "PMO_MP": 0.009467965049258087,
  "PMS_MP": 0.00565952306933802,
  "PMO_MS": 0.00712922,
  "PMS_MS": 0.00310543,
  "PMP_ORD": 0.008688383366172059,
  "PMP_SUB": 0.0048081587128920135,
  "PUBLISHED": 1,
  "TYPE_SECTEUR": "LEASING                                           "
}