{
  "ID_CURVE": 551,
  "DATE_CURVE": "2025-05-27T00:00:00",
  "ID_USER": 23,
  "PMO_MP": 0.01162354585733448,
  "PMS_MP": 0.0,
  "PMO_MS": 0.01058088,
  "PMS_MS": 0.0,
  "PMP_ORD": 0.01127599057155632,
  "PMP_SUB": 0.0,
  "PUBLISHED": 1,
  "TYPE_SECTEUR": "MICROFINANCE                                      "
}