{
  "ID_CURVE": 512,
  "DATE_CURVE": "2025-05-09T00:00:00",
  "ID_USER": 23,
  "PMO_MP": 0.008824541921915004,
  "PMS_MP": 0.00565952306933802,
  "PMO_MS": 0.00538299,
  "PMS_MS": 0.00310288,
  "PMP_ORD": 0.007677357947943336,
  "PMP_SUB": 0.004807308712892013,
  "PUBLISHED": 1,
  "TYPE_SECTEUR": "LEASING                                           "
}