{
  "ID_CURVE": 632,
  "DATE_CURVE": "2025-07-07T00:00:00",
  "ID_USER": 23,
  "PMO_MP": 0.00517762620483792,
  "PMS_MP": 0.00168300665490757,
  "PMO_MS": 0.0018081,
  "PMS_MS": 0.0,
  "PMP_ORD": 0.00405445080322528,
  "PMP_SUB": 0.00168300665490757,
  "PUBLISHED": 1,
  "TYPE_SECTEUR": "BANKING                                           "
}