{
  "ID_CURVE": 687,
  "DATE_CURVE": "2025-08-01T00:00:00",
  "ID_USER": 23,
  "PMO_MP": 0.00519281346380946,
  "PMS_MP": 0.00168300665490757,
  "PMO_MS": 0.0018231,
  "PMS_MS": 0.0,
  "PMP_ORD": 0.00406957564253964,
  "PMP_SUB": 0.00168300665490757,
  "PUBLISHED": 1,
  "TYPE_SECTEUR": "BANKING                                           "
}