{
  "ID_CURVE": 345,
  "DATE_CURVE": "2025-02-14T00:00:00",
  "ID_USER": 23,
  "PMO_MP": 0.009879973775405991,
  "PMS_MP": 0.00968001441121779,
  "PMO_MS": 0.00716255,
  "PMS_MS": 0.00695146,
  "PMP_ORD": 0.008974165850270662,
  "PMP_SUB": 0.008770496274145194,
  "PUBLISHED": 1,
  "TYPE_SECTEUR": "LEASING                                           "
}