{
  "ID_CURVE": 756,
  "DATE_CURVE": "2025-09-05T00:00:00",
  "ID_USER": 14,
  "PMO_MP": 0.008388787825220356,
  "PMS_MP": 0.00530773007692354,
  "PMO_MS": 0.00607725,
  "PMS_MS": 0.00198363,
  "PMP_ORD": 0.0076182752168135704,
  "PMP_SUB": 0.004199696717949027,
  "PUBLISHED": 1,
  "TYPE_SECTEUR": "LEASING                                           "
}