{
  "ID_CURVE": 640,
  "DATE_CURVE": "2025-07-10T00:00:00",
  "ID_USER": 23,
  "PMO_MP": 0.008349111735551916,
  "PMS_MP": 0.00565952306933802,
  "PMO_MS": 0.00607123,
  "PMS_MS": 0.00198366,
  "PMP_ORD": 0.007589817823701278,
  "PMP_SUB": 0.00443423537955868,
  "PUBLISHED": 1,
  "TYPE_SECTEUR": "LEASING                                           "
}