{
  "ID_CURVE": 567,
  "DATE_CURVE": "2025-06-04T00:00:00",
  "ID_USER": 23,
  "PMO_MP": 0.00851953963962506,
  "PMS_MP": 0.00565952306933802,
  "PMO_MS": 0.00552435,
  "PMS_MS": 0.00198369,
  "PMP_ORD": 0.007521143093083374,
  "PMP_SUB": 0.00443424537955868,
  "PUBLISHED": 1,
  "TYPE_SECTEUR": "LEASING                                           "
}