{
  "ID_CURVE": 637,
  "DATE_CURVE": "2025-07-09T00:00:00",
  "ID_USER": 23,
  "PMO_MP": 0.008340073149750757,
  "PMS_MP": 0.00565952306933802,
  "PMO_MS": 0.00607107,
  "PMS_MS": 0.00198366,
  "PMP_ORD": 0.007583738766500504,
  "PMP_SUB": 0.00443423537955868,
  "PUBLISHED": 1,
  "TYPE_SECTEUR": "LEASING                                           "
}