{
  "ID_CURVE": 845,
  "DATE_CURVE": "2025-10-17T00:00:00",
  "ID_USER": 14,
  "PMO_MP": 0.007782478206931656,
  "PMS_MP": 0.00530773007692354,
  "PMO_MS": 0.0053787,
  "PMS_MS": 0.00198361,
  "PMP_ORD": 0.006981218804621104,
  "PMP_SUB": 0.00419969005128236,
  "PUBLISHED": 1,
  "TYPE_SECTEUR": "LEASING                                           "
}