{
  "ID_CURVE": 880,
  "DATE_CURVE": "2025-11-03T00:00:00",
  "ID_USER": 14,
  "PMO_MP": 0.0051461279196676,
  "PMS_MP": 0.00112378703143689,
  "PMO_MS": 0.00186383,
  "PMS_MS": 0.0,
  "PMP_ORD": 0.004052028613111733,
  "PMP_SUB": 0.00112378703143689,
  "PUBLISHED": 1,
  "TYPE_SECTEUR": "BANKING                                           "
}