{
  "ID_CURVE": 715,
  "DATE_CURVE": "2025-08-15T00:00:00",
  "ID_USER": 14,
  "PMO_MP": 0.0053995112435057,
  "PMS_MP": 0.00168300665490757,
  "PMO_MS": 0.00183724,
  "PMS_MS": 0.0,
  "PMP_ORD": 0.004212087495670466,
  "PMP_SUB": 0.00168300665490757,
  "PUBLISHED": 1,
  "TYPE_SECTEUR": "BANKING                                           "
}