{
  "ID_CURVE": 333,
  "DATE_CURVE": "2025-02-10T00:00:00",
  "ID_USER": 23,
  "PMO_MP": 0.009927696751521012,
  "PMS_MP": 0.00968001441121779,
  "PMO_MS": 0.00716255,
  "PMS_MS": 0.00695152,
  "PMP_ORD": 0.009005981167680675,
  "PMP_SUB": 0.008770516274145193,
  "PUBLISHED": 1,
  "TYPE_SECTEUR": "LEASING                                           "
}