{
  "ID_CURVE": 592,
  "DATE_CURVE": "2025-06-17T00:00:00",
  "ID_USER": 23,
  "PMO_MP": 0.008379202795176356,
  "PMS_MP": 0.00565952306933802,
  "PMO_MS": 0.00616681,
  "PMS_MS": 0.00198368,
  "PMP_ORD": 0.007641738530117571,
  "PMP_SUB": 0.004434242046225347,
  "PUBLISHED": 1,
  "TYPE_SECTEUR": "LEASING                                           "
}