{
  "ID_CURVE": 557,
  "DATE_CURVE": "2025-05-29T00:00:00",
  "ID_USER": 23,
  "PMO_MP": 0.010363383272496135,
  "PMS_MP": 0.0,
  "PMO_MS": 0.0,
  "PMS_MS": 0.0,
  "PMP_ORD": 0.010363383272496135,
  "PMP_SUB": 0.0,
  "PUBLISHED": 1,
  "TYPE_SECTEUR": "MICROFINANCE                                      "
}