{
  "ID_CURVE": 891,
  "DATE_CURVE": "2025-11-07T00:00:00",
  "ID_USER": 24,
  "PMO_MP": 0.00502824235574138,
  "PMS_MP": 0.00112378703143689,
  "PMO_MS": 0.00186449,
  "PMS_MS": 0.0,
  "PMP_ORD": 0.00397365823716092,
  "PMP_SUB": 0.00112378703143689,
  "PUBLISHED": 1,
  "TYPE_SECTEUR": "BANKING                                           "
}