{
  "ID_CURVE": 739,
  "DATE_CURVE": "2025-08-27T00:00:00",
  "ID_USER": 23,
  "PMO_MP": 0.00535627464987072,
  "PMS_MP": 0.00168300665490757,
  "PMO_MS": 0.00184162,
  "PMS_MS": 0.0,
  "PMP_ORD": 0.004184723099913813,
  "PMP_SUB": 0.00168300665490757,
  "PUBLISHED": 1,
  "TYPE_SECTEUR": "BANKING                                           "
}