{
  "ID_CURVE": 970,
  "DATE_CURVE": "2025-12-15T00:00:00",
  "ID_USER": 24,
  "PMO_MP": 0.00775206789955618,
  "PMS_MP": 0.00530773007692354,
  "PMO_MS": 0.00508537,
  "PMS_MS": 0.00021688,
  "PMP_ORD": 0.00686316859970412,
  "PMP_SUB": 0.00361078005128236,
  "PUBLISHED": 1,
  "TYPE_SECTEUR": "LEASING                                           "
}