{
  "ID_CURVE": 510,
  "DATE_CURVE": "2025-05-08T00:00:00",
  "ID_USER": 14,
  "PMO_MP": 0.0053197813384535,
  "PMS_MP": 0.00358265946265963,
  "PMO_MS": 0.00176286,
  "PMS_MS": 0.00317795,
  "PMP_ORD": 0.004134140892302333,
  "PMP_SUB": 0.0034477563084397535,
  "PUBLISHED": 1,
  "TYPE_SECTEUR": "BANKING                                           "
}