{
  "ID_CURVE": 528,
  "DATE_CURVE": "2025-05-16T00:00:00",
  "ID_USER": 23,
  "PMO_MP": 0.0052399665495164,
  "PMS_MP": 0.00268914403851475,
  "PMO_MS": 0.00177383,
  "PMS_MS": 3.554e-05,
  "PMP_ORD": 0.0040845876996776,
  "PMP_SUB": 0.0018046093590098334,
  "PUBLISHED": 1,
  "TYPE_SECTEUR": "BANKING                                           "
}