{
  "ID_CURVE": 555,
  "DATE_CURVE": "2025-05-29T00:00:00",
  "ID_USER": 23,
  "PMO_MP": 0.00853755141666304,
  "PMS_MP": 0.00565952306933802,
  "PMO_MS": 0.00552463,
  "PMS_MS": 0.00198369,
  "PMP_ORD": 0.00753324427777536,
  "PMP_SUB": 0.00443424537955868,
  "PUBLISHED": 1,
  "TYPE_SECTEUR": "LEASING                                           "
}