{
  "ID_CURVE": 914,
  "DATE_CURVE": "2025-11-19T00:00:00",
  "ID_USER": 14,
  "PMO_MP": 0.00779769418625602,
  "PMS_MP": 0.00530773007692354,
  "PMO_MS": 0.00508423,
  "PMS_MS": 0.00198359,
  "PMP_ORD": 0.00689320612417068,
  "PMP_SUB": 0.0041996833846156935,
  "PUBLISHED": 1,
  "TYPE_SECTEUR": "LEASING                                           "
}