{
  "ID_CURVE": 945,
  "DATE_CURVE": "2025-12-03T00:00:00",
  "ID_USER": 14,
  "PMO_MP": 0.00752946177122672,
  "PMS_MP": 0.00530773007692354,
  "PMO_MS": 0.00508487,
  "PMS_MS": 0.00198359,
  "PMP_ORD": 0.00671459784748448,
  "PMP_SUB": 0.0041996833846156935,
  "PUBLISHED": 1,
  "TYPE_SECTEUR": "LEASING                                           "
}