{
  "ID_CURVE": 623,
  "DATE_CURVE": "2025-07-02T00:00:00",
  "ID_USER": 23,
  "PMO_MP": 0.00520063610635538,
  "PMS_MP": 0.00168300665490757,
  "PMO_MS": 0.00180431,
  "PMS_MS": 0.0,
  "PMP_ORD": 0.00406852740423692,
  "PMP_SUB": 0.00168300665490757,
  "PUBLISHED": 1,
  "TYPE_SECTEUR": "BANKING                                           "
}