{
  "ID_CURVE": 261,
  "DATE_CURVE": "2025-01-08T00:00:00",
  "ID_USER": 23,
  "PMO_MP": 0.010099558148737031,
  "PMS_MP": 0.00968001441121779,
  "PMO_MS": 0.00724749,
  "PMS_MS": 0.00695207,
  "PMP_ORD": 0.009148868765824688,
  "PMP_SUB": 0.008770699607478527,
  "PUBLISHED": 1,
  "TYPE_SECTEUR": "LEASING                                           "
}