{
  "ID_CURVE": 915,
  "DATE_CURVE": "2025-11-19T00:00:00",
  "ID_USER": 14,
  "PMO_MP": 0.00511724138530964,
  "PMS_MP": 0.00080177780326673,
  "PMO_MS": 0.00186633,
  "PMS_MS": 0.0,
  "PMP_ORD": 0.004033604256873094,
  "PMP_SUB": 0.00080177780326673,
  "PUBLISHED": 1,
  "TYPE_SECTEUR": "BANKING                                           "
}