{
  "ID_CURVE": 596,
  "DATE_CURVE": "2025-06-18T00:00:00",
  "ID_USER": 23,
  "PMO_MP": 0.0051964044165506,
  "PMS_MP": 0.00168300665490757,
  "PMO_MS": 0.00179255,
  "PMS_MS": 0.0,
  "PMP_ORD": 0.0040617862777004,
  "PMP_SUB": 0.00168300665490757,
  "PUBLISHED": 1,
  "TYPE_SECTEUR": "BANKING                                           "
}