{
  "ID_CURVE": 318,
  "DATE_CURVE": "2025-02-03T00:00:00",
  "ID_USER": 23,
  "PMO_MP": 0.009817702434735433,
  "PMS_MP": 0.00968001441121779,
  "PMO_MS": 0.00716255,
  "PMS_MS": 0.00695163,
  "PMP_ORD": 0.008932651623156955,
  "PMP_SUB": 0.00877055294081186,
  "PUBLISHED": 1,
  "TYPE_SECTEUR": "LEASING                                           "
}