{
  "ID_CURVE": 769,
  "DATE_CURVE": "2025-09-11T00:00:00",
  "ID_USER": 14,
  "PMO_MP": 0.0052190838017702,
  "PMS_MP": 0.00157288356924915,
  "PMO_MS": 0.00184631,
  "PMS_MS": 0.0,
  "PMP_ORD": 0.0040948258678468,
  "PMP_SUB": 0.00157288356924915,
  "PUBLISHED": 1,
  "TYPE_SECTEUR": "BANKING                                           "
}