{
  "ID_CURVE": 665,
  "DATE_CURVE": "2025-07-22T00:00:00",
  "ID_USER": 23,
  "PMO_MP": 0.00498565755159876,
  "PMS_MP": 0.00168300665490757,
  "PMO_MS": 0.00181777,
  "PMS_MS": 0.0,
  "PMP_ORD": 0.003929695034399173,
  "PMP_SUB": 0.00168300665490757,
  "PUBLISHED": 1,
  "TYPE_SECTEUR": "BANKING                                           "
}