{
  "ID_CURVE": 775,
  "DATE_CURVE": "2025-09-15T00:00:00",
  "ID_USER": 14,
  "PMO_MP": 0.00514325366467808,
  "PMS_MP": 0.00157288356924915,
  "PMO_MS": 0.00184743,
  "PMS_MS": 0.0,
  "PMP_ORD": 0.004044645776452053,
  "PMP_SUB": 0.00157288356924915,
  "PUBLISHED": 1,
  "TYPE_SECTEUR": "BANKING                                           "
}