{
  "ID_CURVE": 312,
  "DATE_CURVE": "2025-01-30T00:00:00",
  "ID_USER": 23,
  "PMO_MP": 0.009838034827492091,
  "PMS_MP": 0.00968001441121779,
  "PMO_MS": 0.00716254,
  "PMS_MS": 0.0069517,
  "PMP_ORD": 0.008946203218328062,
  "PMP_SUB": 0.008770576274145193,
  "PUBLISHED": 1,
  "TYPE_SECTEUR": "LEASING                                           "
}