{
  "ID_CURVE": 748,
  "DATE_CURVE": "2025-09-01T00:00:00",
  "ID_USER": 14,
  "PMO_MP": 0.00535383305819994,
  "PMS_MP": 0.00168300665490757,
  "PMO_MS": 0.00184327,
  "PMS_MS": 0.0,
  "PMP_ORD": 0.0041836453721332935,
  "PMP_SUB": 0.00168300665490757,
  "PUBLISHED": 1,
  "TYPE_SECTEUR": "BANKING                                           "
}