{
  "ID_CURVE": 846,
  "DATE_CURVE": "2025-10-17T00:00:00",
  "ID_USER": 14,
  "PMO_MP": 0.00523608528056586,
  "PMS_MP": 0.00157288356924915,
  "PMO_MS": 0.00186078,
  "PMS_MS": 0.0,
  "PMP_ORD": 0.00411098352037724,
  "PMP_SUB": 0.00157288356924915,
  "PUBLISHED": 1,
  "TYPE_SECTEUR": "BANKING                                           "
}