{
  "ID_CURVE": 255,
  "DATE_CURVE": "2025-01-06T00:00:00",
  "ID_USER": 23,
  "PMO_MP": 0.010099558148737031,
  "PMS_MP": 0.00968001441121779,
  "PMO_MS": 0.00724743,
  "PMS_MS": 0.00695211,
  "PMP_ORD": 0.009148848765824688,
  "PMP_SUB": 0.00877071294081186,
  "PUBLISHED": 1,
  "TYPE_SECTEUR": "LEASING                                           "
}