{
  "ID_CURVE": 572,
  "DATE_CURVE": "2025-06-05T00:00:00",
  "ID_USER": 23,
  "PMO_MP": 0.010530938024664193,
  "PMS_MP": 0.0,
  "PMO_MS": 0.0,
  "PMS_MS": 0.0,
  "PMP_ORD": 0.010530938024664193,
  "PMP_SUB": 0.0,
  "PUBLISHED": 1,
  "TYPE_SECTEUR": "MICROFINANCE                                      "
}