{
  "ID_CURVE": 882,
  "DATE_CURVE": "2025-11-04T00:00:00",
  "ID_USER": 14,
  "PMO_MP": 0.00516168507250032,
  "PMS_MP": 0.00112378703143689,
  "PMO_MS": 0.001864,
  "PMS_MS": 0.0,
  "PMP_ORD": 0.004062456715000213,
  "PMP_SUB": 0.00112378703143689,
  "PUBLISHED": 1,
  "TYPE_SECTEUR": "BANKING                                           "
}