{
  "ID_CURVE": 593,
  "DATE_CURVE": "2025-06-17T00:00:00",
  "ID_USER": 23,
  "PMO_MP": 0.00519822346541672,
  "PMS_MP": 0.00168300665490757,
  "PMO_MS": 0.00179184,
  "PMS_MS": 0.0,
  "PMP_ORD": 0.004062762310277813,
  "PMP_SUB": 0.00168300665490757,
  "PUBLISHED": 1,
  "TYPE_SECTEUR": "BANKING                                           "
}