{
  "ID_CURVE": 872,
  "DATE_CURVE": "2025-10-30T00:00:00",
  "ID_USER": 14,
  "PMO_MP": 0.0076726518036741,
  "PMS_MP": 0.00530773007692354,
  "PMO_MS": 0.00508318,
  "PMS_MS": 0.0019836,
  "PMP_ORD": 0.006809494535782733,
  "PMP_SUB": 0.004199686717949027,
  "PUBLISHED": 1,
  "TYPE_SECTEUR": "LEASING                                           "
}