{
  "ID_CURVE": 724,
  "DATE_CURVE": "2025-08-20T00:00:00",
  "ID_USER": 23,
  "PMO_MP": 0.00550722773531812,
  "PMS_MP": 0.00168300665490757,
  "PMO_MS": 0.00183914,
  "PMS_MS": 0.0,
  "PMP_ORD": 0.0042845318235454136,
  "PMP_SUB": 0.00168300665490757,
  "PUBLISHED": 1,
  "TYPE_SECTEUR": "BANKING                                           "
}