{
  "ID_CURVE": 315,
  "DATE_CURVE": "2025-01-31T00:00:00",
  "ID_USER": 14,
  "PMO_MP": 0.009831198834517692,
  "PMS_MP": 0.00968001441121779,
  "PMO_MS": 0.00716254,
  "PMS_MS": 0.00695168,
  "PMP_ORD": 0.008941645889678461,
  "PMP_SUB": 0.008770569607478526,
  "PUBLISHED": 1,
  "TYPE_SECTEUR": "LEASING                                           "
}