{
  "ID_CURVE": 778,
  "DATE_CURVE": "2025-09-16T00:00:00",
  "ID_USER": 14,
  "PMO_MP": 0.00515167974211666,
  "PMS_MP": 0.00157288356924915,
  "PMO_MS": 0.0018477,
  "PMS_MS": 0.0,
  "PMP_ORD": 0.004050353161411106,
  "PMP_SUB": 0.00157288356924915,
  "PUBLISHED": 1,
  "TYPE_SECTEUR": "BANKING                                           "
}