{
  "ID_CURVE": 483,
  "DATE_CURVE": "2025-04-24T00:00:00",
  "ID_USER": 23,
  "PMO_MP": 0.00505808880237798,
  "PMS_MP": 0.00358265946265963,
  "PMO_MS": 0.00155456,
  "PMS_MS": 0.00317795,
  "PMP_ORD": 0.003890245868251987,
  "PMP_SUB": 0.0034477563084397535,
  "PUBLISHED": 1,
  "TYPE_SECTEUR": "BANKING                                           "
}