{
  "ID_CURVE": 920,
  "DATE_CURVE": "2025-11-21T00:00:00",
  "ID_USER": 14,
  "PMO_MP": 0.00762827082205336,
  "PMS_MP": 0.00530773007692354,
  "PMO_MS": 0.00508432,
  "PMS_MS": 0.00198359,
  "PMP_ORD": 0.00678028721470224,
  "PMP_SUB": 0.0041996833846156935,
  "PUBLISHED": 1,
  "TYPE_SECTEUR": "LEASING                                           "
}