{
  "ID_CURVE": 808,
  "DATE_CURVE": "2025-09-29T00:00:00",
  "ID_USER": 14,
  "PMO_MP": 0.00531891406604664,
  "PMS_MP": 0.00157288356924915,
  "PMO_MS": 0.001857,
  "PMS_MS": 0.0,
  "PMP_ORD": 0.00416494271069776,
  "PMP_SUB": 0.00157288356924915,
  "PUBLISHED": 1,
  "TYPE_SECTEUR": "BANKING                                           "
}