{
  "ID_CURVE": 292,
  "DATE_CURVE": "2025-01-22T00:00:00",
  "ID_USER": 23,
  "PMO_MP": 0.009822424506267175,
  "PMS_MP": 0.00968001441121779,
  "PMO_MS": 0.00716246,
  "PMS_MS": 0.00695183,
  "PMP_ORD": 0.008935769670844784,
  "PMP_SUB": 0.008770619607478526,
  "PUBLISHED": 1,
  "TYPE_SECTEUR": "LEASING                                           "
}