{
  "ID_CURVE": 586,
  "DATE_CURVE": "2025-06-13T00:00:00",
  "ID_USER": 23,
  "PMO_MP": 0.00516609612592488,
  "PMS_MP": 0.00168300665490757,
  "PMO_MS": 0.00178888,
  "PMS_MS": 0.0,
  "PMP_ORD": 0.004040357417283254,
  "PMP_SUB": 0.00168300665490757,
  "PUBLISHED": 1,
  "TYPE_SECTEUR": "BANKING                                           "
}