{
  "ID_CURVE": 971,
  "DATE_CURVE": "2025-12-15T00:00:00",
  "ID_USER": 24,
  "PMO_MP": 0.0054334241413467,
  "PMS_MP": 0.00080177780326673,
  "PMO_MS": 0.001872,
  "PMS_MS": 0.0,
  "PMP_ORD": 0.0042462827608978,
  "PMP_SUB": 0.00080177780326673,
  "PUBLISHED": 1,
  "TYPE_SECTEUR": "BANKING                                           "
}