{
  "ID_CURVE": 848,
  "DATE_CURVE": "2025-10-20T00:00:00",
  "ID_USER": 14,
  "PMO_MP": 0.00766981941332988,
  "PMS_MP": 0.00530773007692354,
  "PMO_MS": 0.00508258,
  "PMS_MS": 0.00198361,
  "PMP_ORD": 0.006807406275553253,
  "PMP_SUB": 0.00419969005128236,
  "PUBLISHED": 1,
  "TYPE_SECTEUR": "LEASING                                           "
}