{
  "ID_CURVE": 414,
  "DATE_CURVE": "2025-03-19T00:00:00",
  "ID_USER": 23,
  "PMO_MP": 0.00983028000009464,
  "PMS_MP": 0.00565952306933802,
  "PMO_MS": 0.00716202,
  "PMS_MS": 0.00311684,
  "PMP_ORD": 0.008940860000063094,
  "PMP_SUB": 0.004811962046225347,
  "PUBLISHED": 1,
  "TYPE_SECTEUR": "LEASING                                           "
}