{
  "ID_CURVE": 497,
  "DATE_CURVE": "2025-05-02T00:00:00",
  "ID_USER": 23,
  "PMO_MP": 0.008779724701027608,
  "PMS_MP": 0.00565952306933802,
  "PMO_MS": 0.00538175,
  "PMS_MS": 0.00310466,
  "PMP_ORD": 0.007647066467351739,
  "PMP_SUB": 0.004807902046225347,
  "PUBLISHED": 1,
  "TYPE_SECTEUR": "LEASING                                           "
}