{
  "ID_CURVE": 671,
  "DATE_CURVE": "2025-07-24T00:00:00",
  "ID_USER": 23,
  "PMO_MP": 0.00500521125014708,
  "PMS_MP": 0.00168300665490757,
  "PMO_MS": 0.0018189,
  "PMS_MS": 0.0,
  "PMP_ORD": 0.003943107500098054,
  "PMP_SUB": 0.00168300665490757,
  "PUBLISHED": 1,
  "TYPE_SECTEUR": "BANKING                                           "
}