{
  "ID_CURVE": 252,
  "DATE_CURVE": "2025-01-03T00:00:00",
  "ID_USER": 14,
  "PMO_MP": 0.010037464330336691,
  "PMS_MP": 0.00968001441121779,
  "PMO_MS": 0.00713659,
  "PMS_MS": 0.00695216,
  "PMP_ORD": 0.009070506220224461,
  "PMP_SUB": 0.008770729607478527,
  "PUBLISHED": 1,
  "TYPE_SECTEUR": "LEASING                                           "
}