{
  "ID_CURVE": 426,
  "DATE_CURVE": "2025-03-26T00:00:00",
  "ID_USER": 23,
  "PMO_MP": 0.00986977606489584,
  "PMS_MP": 0.00565952306933802,
  "PMO_MS": 0.00716204,
  "PMS_MS": 0.00311478,
  "PMP_ORD": 0.008967197376597227,
  "PMP_SUB": 0.00481127537955868,
  "PUBLISHED": 1,
  "TYPE_SECTEUR": "LEASING                                           "
}