{
  "ID_CURVE": 511,
  "DATE_CURVE": "2025-05-08T00:00:00",
  "ID_USER": 14,
  "PMO_MP": 0.01169297184236456,
  "PMS_MP": 0.0,
  "PMO_MS": 0.0,
  "PMS_MS": 0.0,
  "PMP_ORD": 0.01169297184236456,
  "PMP_SUB": 0.0,
  "PUBLISHED": 1,
  "TYPE_SECTEUR": "MICROFINANCE                                      "
}