{
  "ID_CURVE": 828,
  "DATE_CURVE": "2025-10-08T00:00:00",
  "ID_USER": 14,
  "PMO_MP": 0.00525393411156326,
  "PMS_MP": 0.00157288356924915,
  "PMO_MS": 0.00185897,
  "PMS_MS": 0.0,
  "PMP_ORD": 0.00412227940770884,
  "PMP_SUB": 0.00157288356924915,
  "PUBLISHED": 1,
  "TYPE_SECTEUR": "BANKING                                           "
}