{
  "ID_CURVE": 896,
  "DATE_CURVE": "2025-11-11T00:00:00",
  "ID_USER": 14,
  "PMO_MP": 0.00779769418625602,
  "PMS_MP": 0.00530773007692354,
  "PMO_MS": 0.00508383,
  "PMS_MS": 0.0019836,
  "PMP_ORD": 0.006893072790837347,
  "PMP_SUB": 0.004199686717949027,
  "PUBLISHED": 1,
  "TYPE_SECTEUR": "LEASING                                           "
}