{
  "ID_CURVE": 489,
  "DATE_CURVE": "2025-04-28T00:00:00",
  "ID_USER": 23,
  "PMO_MP": 0.0050054618768159,
  "PMS_MP": 0.00358265946265963,
  "PMO_MS": 0.00163811,
  "PMS_MS": 0.00317795,
  "PMP_ORD": 0.0038830112512106,
  "PMP_SUB": 0.0034477563084397535,
  "PUBLISHED": 1,
  "TYPE_SECTEUR": "BANKING                                           "
}