{
  "ID_CURVE": 735,
  "DATE_CURVE": "2025-08-26T00:00:00",
  "ID_USER": 23,
  "PMO_MP": 0.008390641978669755,
  "PMS_MP": 0.00530773007692354,
  "PMO_MS": 0.00606351,
  "PMS_MS": 0.00198363,
  "PMP_ORD": 0.007614931319113171,
  "PMP_SUB": 0.004199696717949027,
  "PUBLISHED": 1,
  "TYPE_SECTEUR": "LEASING                                           "
}