{
  "ID_CURVE": 354,
  "DATE_CURVE": "2025-02-19T00:00:00",
  "ID_USER": 23,
  "PMO_MP": 0.010131077233204172,
  "PMS_MP": 0.00968001441121779,
  "PMO_MS": 0.00716256,
  "PMS_MS": 0.00695138,
  "PMP_ORD": 0.00914157148880278,
  "PMP_SUB": 0.008770469607478527,
  "PUBLISHED": 1,
  "TYPE_SECTEUR": "LEASING                                           "
}