{
  "ID_CURVE": 573,
  "DATE_CURVE": "2025-06-09T00:00:00",
  "ID_USER": 14,
  "PMO_MP": 0.00843319205884606,
  "PMS_MP": 0.00565952306933802,
  "PMO_MS": 0.00591436,
  "PMS_MS": 0.00198368,
  "PMP_ORD": 0.00759358137256404,
  "PMP_SUB": 0.004434242046225347,
  "PUBLISHED": 1,
  "TYPE_SECTEUR": "LEASING                                           "
}