{
  "ID_CURVE": 825,
  "DATE_CURVE": "2025-10-07T00:00:00",
  "ID_USER": 14,
  "PMO_MP": 0.00525887369093236,
  "PMS_MP": 0.00157288356924915,
  "PMO_MS": 0.00185876,
  "PMS_MS": 0.0,
  "PMP_ORD": 0.0041255024606215735,
  "PMP_SUB": 0.00157288356924915,
  "PUBLISHED": 1,
  "TYPE_SECTEUR": "BANKING                                           "
}