{
  "ID_CURVE": 837,
  "DATE_CURVE": "2025-10-13T00:00:00",
  "ID_USER": 14,
  "PMO_MP": 0.00525904821023062,
  "PMS_MP": 0.00157288356924915,
  "PMO_MS": 0.00186,
  "PMS_MS": 0.0,
  "PMP_ORD": 0.004126032140153747,
  "PMP_SUB": 0.00157288356924915,
  "PUBLISHED": 1,
  "TYPE_SECTEUR": "BANKING                                           "
}