{
  "ID_CURVE": 693,
  "DATE_CURVE": "2025-08-05T00:00:00",
  "ID_USER": 23,
  "PMO_MP": 0.00534624103209718,
  "PMS_MP": 0.00168300665490757,
  "PMO_MS": 0.00183304,
  "PMS_MS": 0.0,
  "PMP_ORD": 0.00417517402139812,
  "PMP_SUB": 0.00168300665490757,
  "PUBLISHED": 1,
  "TYPE_SECTEUR": "BANKING                                           "
}