{
  "ID_CURVE": 961,
  "DATE_CURVE": "2025-12-10T00:00:00",
  "ID_USER": 14,
  "PMO_MP": 0.00532845178787808,
  "PMS_MP": 0.00080177780326673,
  "PMO_MS": 0.00187107,
  "PMS_MS": 0.0,
  "PMP_ORD": 0.00417599119191872,
  "PMP_SUB": 0.00080177780326673,
  "PUBLISHED": 1,
  "TYPE_SECTEUR": "BANKING                                           "
}