{
  "ID_CURVE": 860,
  "DATE_CURVE": "2025-10-24T00:00:00",
  "ID_USER": 14,
  "PMO_MP": 0.00768144661758792,
  "PMS_MP": 0.00530773007692354,
  "PMO_MS": 0.00508283,
  "PMS_MS": 0.0019836,
  "PMP_ORD": 0.006815241078391946,
  "PMP_SUB": 0.004199686717949027,
  "PUBLISHED": 1,
  "TYPE_SECTEUR": "LEASING                                           "
}