{
  "ID_CURVE": 482,
  "DATE_CURVE": "2025-04-24T00:00:00",
  "ID_USER": 23,
  "PMO_MP": 0.009545295179291128,
  "PMS_MP": 0.00565952306933802,
  "PMO_MS": 0.00713161,
  "PMS_MS": 0.00310674,
  "PMP_ORD": 0.008740733452860751,
  "PMP_SUB": 0.00480859537955868,
  "PUBLISHED": 1,
  "TYPE_SECTEUR": "LEASING                                           "
}