{
  "ID_CURVE": 960,
  "DATE_CURVE": "2025-12-10T00:00:00",
  "ID_USER": 14,
  "PMO_MP": 0.00775480307933154,
  "PMS_MP": 0.00530773007692354,
  "PMO_MS": 0.00508516,
  "PMS_MS": 0.00021688,
  "PMP_ORD": 0.006864922052887693,
  "PMP_SUB": 0.00361078005128236,
  "PUBLISHED": 1,
  "TYPE_SECTEUR": "LEASING                                           "
}