{
  "ID_CURVE": 340,
  "DATE_CURVE": "2025-02-12T00:00:00",
  "ID_USER": 23,
  "PMO_MP": 0.0137699325302336,
  "PMS_MP": 0.00366061998727584,
  "PMO_MS": 0.0,
  "PMS_MS": 0.00317795,
  "PMP_ORD": 0.0137699325302336,
  "PMP_SUB": 0.003499729991517227,
  "PUBLISHED": 1,
  "TYPE_SECTEUR": "BANKING                                           "
}