{
  "ID_CURVE": 387,
  "DATE_CURVE": "2025-03-06T00:00:00",
  "ID_USER": 23,
  "PMO_MP": 0.00990600241081406,
  "PMS_MP": 0.00968001441121779,
  "PMO_MS": 0.00716255,
  "PMS_MS": 0.00695116,
  "PMP_ORD": 0.00899151827387604,
  "PMP_SUB": 0.008770396274145194,
  "PUBLISHED": 1,
  "TYPE_SECTEUR": "LEASING                                           "
}