{
  "ID_CURVE": 402,
  "DATE_CURVE": "2025-03-13T00:00:00",
  "ID_USER": 23,
  "PMO_MP": 0.0098292531589914,
  "PMS_MP": 0.00968001441121779,
  "PMO_MS": 0.00716257,
  "PMS_MS": 0.00695106,
  "PMP_ORD": 0.008940358772660934,
  "PMP_SUB": 0.00877036294081186,
  "PUBLISHED": 1,
  "TYPE_SECTEUR": "LEASING                                           "
}