{
  "ID_CURVE": 703,
  "DATE_CURVE": "2025-08-08T00:00:00",
  "ID_USER": 23,
  "PMO_MP": 0.00535267608586068,
  "PMS_MP": 0.00168300665490757,
  "PMO_MS": 0.00183436,
  "PMS_MS": 0.0,
  "PMP_ORD": 0.004179904057240454,
  "PMP_SUB": 0.00168300665490757,
  "PUBLISHED": 1,
  "TYPE_SECTEUR": "BANKING                                           "
}