{
  "ID_CURVE": 951,
  "DATE_CURVE": "2025-12-05T00:00:00",
  "ID_USER": 14,
  "PMO_MP": 0.00775685386134048,
  "PMS_MP": 0.00530773007692354,
  "PMO_MS": 0.00508495,
  "PMS_MS": 0.00198359,
  "PMP_ORD": 0.006866219240893653,
  "PMP_SUB": 0.0041996833846156935,
  "PUBLISHED": 1,
  "TYPE_SECTEUR": "LEASING                                           "
}