{
  "ID_CURVE": 711,
  "DATE_CURVE": "2025-08-14T00:00:00",
  "ID_USER": 14,
  "PMO_MP": 0.008322833961051296,
  "PMS_MP": 0.00530773007692354,
  "PMO_MS": 0.00606284,
  "PMS_MS": 0.00198364,
  "PMP_ORD": 0.007569502640700864,
  "PMP_SUB": 0.00419970005128236,
  "PUBLISHED": 1,
  "TYPE_SECTEUR": "LEASING                                           "
}