{
  "ID_CURVE": 851,
  "DATE_CURVE": "2025-10-21T00:00:00",
  "ID_USER": 14,
  "PMO_MP": 0.0076700046688479,
  "PMS_MP": 0.00530773007692354,
  "PMO_MS": 0.00508265,
  "PMS_MS": 0.00198361,
  "PMP_ORD": 0.006807553112565267,
  "PMP_SUB": 0.00419969005128236,
  "PUBLISHED": 1,
  "TYPE_SECTEUR": "LEASING                                           "
}