{
  "ID_CURVE": 522,
  "DATE_CURVE": "2025-05-14T00:00:00",
  "ID_USER": 14,
  "PMO_MP": 0.00528371611245822,
  "PMS_MP": 0.00358265946265963,
  "PMO_MS": 0.00177128,
  "PMS_MS": 0.00317795,
  "PMP_ORD": 0.004112904074972146,
  "PMP_SUB": 0.0034477563084397535,
  "PUBLISHED": 1,
  "TYPE_SECTEUR": "BANKING                                           "
}