{
  "ID_CURVE": 730,
  "DATE_CURVE": "2025-08-22T00:00:00",
  "ID_USER": 23,
  "PMO_MP": 0.00537245272108134,
  "PMS_MP": 0.00168300665490757,
  "PMO_MS": 0.00183987,
  "PMS_MS": 0.0,
  "PMP_ORD": 0.00419492514738756,
  "PMP_SUB": 0.00168300665490757,
  "PUBLISHED": 1,
  "TYPE_SECTEUR": "BANKING                                           "
}