{
  "ID_CURVE": 495,
  "DATE_CURVE": "2025-04-30T00:00:00",
  "ID_USER": 14,
  "PMO_MP": 0.0050152251509034,
  "PMS_MP": 0.00358265946265963,
  "PMO_MS": 0.00174949,
  "PMS_MS": 0.00317795,
  "PMP_ORD": 0.003926646767268933,
  "PMP_SUB": 0.0034477563084397535,
  "PUBLISHED": 1,
  "TYPE_SECTEUR": "BANKING                                           "
}