{
  "ID_CURVE": 423,
  "DATE_CURVE": "2025-03-25T00:00:00",
  "ID_USER": 23,
  "PMO_MP": 0.0098714150028666,
  "PMS_MP": 0.00565952306933802,
  "PMO_MS": 0.00716203,
  "PMS_MS": 0.00311507,
  "PMP_ORD": 0.008968286668577734,
  "PMP_SUB": 0.004811372046225347,
  "PUBLISHED": 1,
  "TYPE_SECTEUR": "LEASING                                           "
}