{
  "ID_CURVE": 980,
  "DATE_CURVE": "2025-12-19T00:00:00",
  "ID_USER": 24,
  "PMO_MP": 0.00777068765424004,
  "PMS_MP": 0.00530773007692354,
  "PMO_MS": 0.00508552,
  "PMS_MS": 0.00021688,
  "PMP_ORD": 0.00687563176949336,
  "PMP_SUB": 0.00361078005128236,
  "PUBLISHED": 1,
  "TYPE_SECTEUR": "LEASING                                           "
}