{
  "ID_CURVE": 997,
  "DATE_CURVE": "2025-12-29T00:00:00",
  "ID_USER": 14,
  "PMO_MP": 0.0078504956904978,
  "PMS_MP": 0.00530773007692354,
  "PMO_MS": 0.0050859,
  "PMS_MS": 0.00021688,
  "PMP_ORD": 0.0069289637936652,
  "PMP_SUB": 0.00361078005128236,
  "PUBLISHED": 1,
  "TYPE_SECTEUR": "LEASING                                           "
}