{
  "ID_CURVE": 855,
  "DATE_CURVE": "2025-10-22T00:00:00",
  "ID_USER": 14,
  "PMO_MP": 0.00520309861846902,
  "PMS_MP": 0.00157288356924915,
  "PMO_MS": 0.00186173,
  "PMS_MS": 0.0,
  "PMP_ORD": 0.004089309078979347,
  "PMP_SUB": 0.00157288356924915,
  "PUBLISHED": 1,
  "TYPE_SECTEUR": "BANKING                                           "
}