{
  "ID_CURVE": 934,
  "DATE_CURVE": "2025-11-27T00:00:00",
  "ID_USER": 24,
  "PMO_MP": 0.00763528780713154,
  "PMS_MP": 0.00530773007692354,
  "PMO_MS": 0.0050846,
  "PMS_MS": 0.00198359,
  "PMP_ORD": 0.006785058538087693,
  "PMP_SUB": 0.0041996833846156935,
  "PUBLISHED": 1,
  "TYPE_SECTEUR": "LEASING                                           "
}