{
  "ID_CURVE": 852,
  "DATE_CURVE": "2025-10-21T00:00:00",
  "ID_USER": 14,
  "PMO_MP": 0.00519048543098466,
  "PMS_MP": 0.00157288356924915,
  "PMO_MS": 0.00186154,
  "PMS_MS": 0.0,
  "PMP_ORD": 0.0040808369539897735,
  "PMP_SUB": 0.00157288356924915,
  "PUBLISHED": 1,
  "TYPE_SECTEUR": "BANKING                                           "
}