{
  "ID_CURVE": 795,
  "DATE_CURVE": "2025-09-23T00:00:00",
  "ID_USER": 14,
  "PMO_MP": 0.00532663178923394,
  "PMS_MP": 0.00157288356924915,
  "PMO_MS": 0.00185558,
  "PMS_MS": 0.0,
  "PMP_ORD": 0.00416961452615596,
  "PMP_SUB": 0.00157288356924915,
  "PUBLISHED": 1,
  "TYPE_SECTEUR": "BANKING                                           "
}