{
  "ID_CURVE": 647,
  "DATE_CURVE": "2025-07-14T00:00:00",
  "ID_USER": 23,
  "PMO_MP": 0.00516441882680694,
  "PMS_MP": 0.00168300665490757,
  "PMO_MS": 0.0018129,
  "PMS_MS": 0.0,
  "PMP_ORD": 0.00404724588453796,
  "PMP_SUB": 0.00168300665490757,
  "PUBLISHED": 1,
  "TYPE_SECTEUR": "BANKING                                           "
}