{
  "ID_CURVE": 1001,
  "DATE_CURVE": "2025-12-30T00:00:00",
  "ID_USER": 14,
  "PMO_MP": 0.00513941795654692,
  "PMS_MP": 0.00080177780326673,
  "PMO_MS": 0.00187458,
  "PMS_MS": 0.0,
  "PMP_ORD": 0.004051138637697947,
  "PMP_SUB": 0.00080177780326673,
  "PUBLISHED": 1,
  "TYPE_SECTEUR": "BANKING                                           "
}