{
  "ID_CURVE": 552,
  "DATE_CURVE": "2025-05-28T00:00:00",
  "ID_USER": 23,
  "PMO_MP": 0.00853755141666304,
  "PMS_MP": 0.00565952306933802,
  "PMO_MS": 0.00552468,
  "PMS_MS": 0.00198369,
  "PMP_ORD": 0.007533260944442026,
  "PMP_SUB": 0.00443424537955868,
  "PUBLISHED": 1,
  "TYPE_SECTEUR": "LEASING                                           "
}