{
  "ID_CURVE": 938,
  "DATE_CURVE": "2025-11-28T00:00:00",
  "ID_USER": 14,
  "PMO_MP": 0.00524305360614044,
  "PMS_MP": 0.00080177780326673,
  "PMO_MS": 0.00186866,
  "PMS_MS": 0.0,
  "PMP_ORD": 0.00411825573742696,
  "PMP_SUB": 0.00080177780326673,
  "PUBLISHED": 1,
  "TYPE_SECTEUR": "BANKING                                           "
}